R_r_0001,0.0
R_r_0002,0.0
R_r_0003,0.0
R_r_0004,0.0
R_r_0005,0.0
R_r_0006,0.0
R_r_0007,0.0
R_r_0012,0.0
R_r_0013,0.0
R_r_0014,0.0
R_r_0015,0.0
R_r_0016,0.0
R_r_0017,0.0
R_r_0018,0.0
R_r_0019,0.0
R_r_0020,0.8485942423593599
R_r_0021,0.0
R_r_0022,0.0
R_r_0023,0.0
R_r_0024,0.0
R_r_0025,0.0
R_r_0026,0.0
R_r_0027,0.0
R_r_0028,0.0
R_r_0029,0.0
R_r_0030,0.0
R_r_0032,0.0
R_r_0033,0.0
R_r_0034,0.0
R_r_0035,0.0
R_r_0036,0.0
R_r_0037,0.0
R_r_0038,0.0
R_r_0039,0.8485942423593479
R_r_0040,0.8485942423593479
R_r_0041,0.0
R_r_0042,0.0
R_r_0043,0.0
R_r_0044,0.0
R_r_0045,0.0
R_r_0057,0.0
R_r_0058,0.0
R_r_0059,0.0
R_r_0060,0.0
R_r_0061,0.0
R_r_0062,0.0
R_r_0063,0.0
R_r_0064,0.0
R_r_0065,0.0
R_r_0066,0.0
R_r_0067,0.0
R_r_0068,0.0
R_r_0069,0.0
R_r_0070,0.0
R_r_0072,0.0
R_r_0073,0.0
R_r_0074,0.0
R_r_0075,0.0
R_r_0076,0.0
R_r_0077,0.0
R_r_0078,0.0
R_r_0079,0.0
R_r_0080,0.0
R_r_0081,0.0
R_r_0082,0.0
R_r_0083,0.0
R_r_0084,0.0
R_r_0085,0.0
R_r_0086,0.0
R_r_0087,0.0
R_r_0088,0.0
R_r_0089,0.0
R_r_0090,0.0
R_r_0091,0.0
R_r_0092,0.0
R_r_0093,0.0
R_r_0094,0.0
R_r_0095,0.0
R_r_0096,0.0
R_r_0097,0.0
R_r_0099,0.0
R_r_0100,0.0
R_r_0101,0.0
R_r_0102,0.0
R_r_0103,0.0
R_r_0104,0.0
R_r_0105,0.0
R_r_0106,0.0
R_r_0107,0.0
R_r_0108,0.0
R_r_0109,0.0
R_r_0111,0.0
R_r_0112,0.0
R_r_0113,0.0
R_r_0114,0.0
R_r_0115,0.0
R_r_0116,0.0
R_r_0117,0.0
R_r_0118,0.0
R_r_0119,0.0
R_r_0120,0.0
R_r_0121,0.0
R_r_0122,0.0
R_r_0123,0.0
R_r_0124,0.0
R_r_0125,0.0
R_r_0126,0.0
R_r_0127,0.0
R_r_0128,0.0
R_r_0129,0.0
R_r_0130,0.0
R_r_0131,0.0
R_r_0132,0.0
R_r_0133,0.0
R_r_0134,0.0
R_r_0135,0.0
R_r_0137,0.0
R_r_0138,0.0
R_r_0139,0.0
R_r_0140,0.0
R_r_0142,0.0
R_r_0143,0.0
R_r_0144,0.0
R_r_0145,0.0
R_r_0146,0.0
R_r_0147,0.0
R_r_0148,0.0
R_r_0149,0.0
R_r_0150,0.0
R_r_0151,0.0
R_r_0152,0.0
R_r_0153,0.0
R_r_0154,0.0
R_r_0155,0.0
R_r_0156,0.0
R_r_0157,0.0
R_r_0158,0.0
R_r_0159,0.0
R_r_0160,0.0
R_r_0161,0.0
R_r_0162,0.0
R_r_0163,0.0
R_r_0164,0.0
R_r_0165,0.0
R_r_0166,0.0
R_r_0167,0.0
R_r_0168,0.0
R_r_0169,0.0
R_r_0170,0.0
R_r_0171,0.0
R_r_0172,0.0
R_r_0173,0.0
R_r_0174,0.0
R_r_0175,0.0
R_r_0176,0.0
R_r_0177,0.0
R_r_0178,0.0
R_r_0179,0.0
R_r_0180,0.0
R_r_0181,0.0
R_r_0182,0.0
R_r_0183,0.0
R_r_0184,0.0
R_r_0185,0.0
R_r_0186,0.0
R_r_0187,0.0
R_r_0188,0.0
R_r_0189,0.0
R_r_0190,0.0
R_r_0191,0.0
R_r_0192,0.0
R_r_0193,0.0
R_r_0194,0.0
R_r_0195,0.0
R_r_0198,0.0
R_r_0199,0.0
R_r_0200,0.0
R_r_0201,0.0
R_r_0202,0.0
R_r_0203,0.0
R_r_0204,0.0
R_r_0205,0.0
R_r_0206,0.0
R_r_0207,0.0
R_r_0208,0.0
R_r_0209,0.0
R_r_0210,0.0
R_r_0211,0.0
R_r_0212,0.0
R_r_0213,0.0
R_r_0214,0.0
R_r_0215,0.0
R_r_0216,0.0
R_r_0217,0.0
R_r_0218,0.0
R_r_0219,0.0
R_r_0220,0.0
R_r_0221,0.0
R_r_0222,0.0
R_r_0223,0.0
R_r_0224,0.0
R_r_0225,0.0
R_r_0226,1.5087007067029716
R_r_0227,0.0
R_r_0228,0.0
R_r_0229,0.0
R_r_0230,0.0
R_r_0231,0.0
R_r_0233,0.0
R_r_0234,0.0
R_r_0235,0.0
R_r_0236,0.0
R_r_0237,0.0
R_r_0238,0.0
R_r_0239,0.0
R_r_0240,0.0
R_r_0241,0.0
R_r_0242,0.0
R_r_0243,0.0
R_r_0244,0.0
R_r_0249,0.0
R_r_0250,0.0
R_r_0252,0.0
R_r_0253,0.0
R_r_0254,0.0
R_r_0255,0.0
R_r_0256,0.0
R_r_0259,0.0
R_r_0260,0.0
R_r_0261,0.0
R_r_0262,0.0
R_r_0263,0.0
R_r_0264,0.0
R_r_0265,0.0
R_r_0266,0.0
R_r_0267,0.0
R_r_0268,0.0
R_r_0269,0.0
R_r_0270,0.0
R_r_0271,0.0
R_r_0272,0.0
R_r_0273,0.0
R_r_0274,0.0
R_r_0278,0.0
R_r_0279,0.0
R_r_0280,0.0
R_r_0281,0.0
R_r_0282,0.0
R_r_0283,0.0
R_r_0284,0.0
R_r_0285,0.0
R_r_0286,0.0
R_r_0287,0.0
R_r_0288,0.0
R_r_0289,0.0
R_r_0290,0.0
R_r_0291,0.0
R_r_0292,0.0
R_r_0293,0.0
R_r_0294,0.0
R_r_0295,0.0
R_r_0296,0.0
R_r_0297,0.0
R_r_0298,0.0
R_r_0299,0.0
R_r_0300,0.01994676782818816
R_r_0301,0.0
R_r_0302,0.0
R_r_0303,0.0
R_r_0304,0.0
R_r_0306,0.0
R_r_0307,0.0
R_r_0308,0.0
R_r_0309,0.0
R_r_0310,0.0
R_r_0311,0.0
R_r_0312,0.0
R_r_0313,0.0
R_r_0314,0.0
R_r_0315,0.0
R_r_0317,0.0
R_r_0318,0.0
R_r_0319,0.0
R_r_0320,0.0
R_r_0321,0.0
R_r_0322,0.0
R_r_0323,0.0
R_r_0326,0.0
R_r_0327,0.0
R_r_0328,0.0
R_r_0329,0.0
R_r_0330,0.0
R_r_0331,0.0
R_r_0332,0.0
R_r_0334,0.0
R_r_0335,0.0
R_r_0340,0.0
R_r_0341,0.0
R_r_0342,0.0
R_r_0343,0.0
R_r_0344,0.0
R_r_0345,0.0
R_r_0346,0.0
R_r_0347,0.0
R_r_0348,0.0
R_r_0349,0.0
R_r_0350,0.0
R_r_0351,0.0
R_r_0352,0.0
R_r_0353,0.0
R_r_0354,0.0
R_r_0355,0.0
R_r_0356,0.0
R_r_0357,0.0
R_r_0358,0.0
R_r_0359,0.0
R_r_0360,0.0
R_r_0361,0.0
R_r_0362,0.0
R_r_0363,0.0
R_r_0364,0.0
R_r_0365,0.0
R_r_0366,0.868541010187536
R_r_0368,0.0
R_r_0369,0.0
R_r_0370,0.0
R_r_0373,0.0
R_r_0399,0.0
R_r_0400,0.0
R_r_0402,0.0
R_r_0410,0.0
R_r_0412,0.0
R_r_0436,0.0
R_r_0437,0.0
R_r_0438,1.9365496986569537
R_r_0439,0.9682748493284768
R_r_0440,0.0
R_r_0441,0.0
R_r_0442,0.0
R_r_0443,0.0
R_r_0445,0.0
R_r_0446,0.0
R_r_0447,0.0
R_r_0448,0.0
R_r_0449,0.0
R_r_0450,0.4342705050937681
R_r_0451,0.01994676782818816
R_r_0452,0.0
R_r_0453,0.0
R_r_0454,0.0
R_r_0455,0.0
R_r_0457,0.0
R_r_0458,0.0
R_r_0459,0.0
R_r_0460,0.0
R_r_0461,0.0
R_r_0462,0.0
R_r_0463,0.0
R_r_0464,0.0
R_r_0465,0.0
R_r_0466,0.0
R_r_0467,1.0
R_r_0468,0.0
R_r_0469,0.0
R_r_0470,0.0
R_r_0471,0.0
R_r_0472,0.0
R_r_0473,0.0
R_r_0475,0.0
R_r_0476,0.0
R_r_0477,0.0
R_r_0478,0.0
R_r_0479,0.0
R_r_0480,0.0
R_r_0481,0.0
R_r_0482,0.0
R_r_0483,0.0
R_r_0484,0.0
R_r_0485,0.0
R_r_0486,0.868541010187536
R_r_0487,0.0
R_r_0488,0.0
R_r_0489,0.0
R_r_0490,0.0
R_r_0491,0.0
R_r_0492,0.0
R_r_0497,0.0
R_r_0499,0.0
R_r_0500,0.0
R_r_0501,0.0
R_r_0502,0.0
R_r_0503,0.0
R_r_0504,0.0
R_r_0505,0.01994676782818816
R_r_0506,0.0
R_r_0507,0.0
R_r_0508,0.0
R_r_0509,0.0
R_r_0510,0.0
R_r_0511,0.0
R_r_0512,0.0
R_r_0514,0.0
R_r_0518,0.0
R_r_0519,0.0
R_r_0520,0.0
R_r_0521,0.0
R_r_0522,0.0
R_r_0523,0.0
R_r_0524,0.0
R_r_0525,0.0
R_r_0526,0.0
R_r_0527,0.0
R_r_0528,0.0
R_r_0529,0.0
R_r_0530,0.0
R_r_0531,0.0
R_r_0532,0.0
R_r_0533,0.0
R_r_0534,1.0
R_r_0535,0.0
R_r_0536,0.0
R_r_0537,0.0
R_r_0538,0.0
R_r_0539,0.0
R_r_0540,0.0
R_r_0541,0.0
R_r_0542,0.0
R_r_0543,0.0
R_r_0544,0.0
R_r_0545,0.0
R_r_0546,0.0
R_r_0547,0.0
R_r_0548,0.0
R_r_0549,0.0
R_r_0550,0.0
R_r_0551,0.0
R_r_0552,0.0
R_r_0553,0.0
R_r_0554,0.0
R_r_0555,0.0
R_r_0556,0.0
R_r_0557,0.0
R_r_0558,0.0
R_r_0559,0.0
R_r_0560,0.0
R_r_0561,0.0
R_r_0562,0.0
R_r_0563,0.0
R_r_0564,0.0
R_r_0565,0.0
R_r_0566,0.0
R_r_0567,0.0
R_r_0568,0.0
R_r_0569,0.0
R_r_0570,0.0
R_r_0571,0.0
R_r_0572,0.0
R_r_0573,0.0
R_r_0574,0.0
R_r_0575,0.0
R_r_0596,0.0
R_r_0597,0.0
R_r_0598,0.0
R_r_0599,0.0
R_r_0600,0.0
R_r_0601,0.0
R_r_0602,0.0
R_r_0603,0.0
R_r_0604,0.0
R_r_0605,0.0
R_r_0606,0.0
R_r_0607,0.0
R_r_0608,0.0
R_r_0609,0.0
R_r_0610,0.0
R_r_0611,0.0
R_r_0612,0.0
R_r_0613,0.0
R_r_0614,0.0
R_r_0615,0.0
R_r_0616,0.0
R_r_0617,0.0
R_r_0618,0.0
R_r_0619,0.0
R_r_0620,0.0
R_r_0621,0.0
R_r_0622,0.0
R_r_0623,0.0
R_r_0624,0.0
R_r_0625,0.0
R_r_0626,0.0
R_r_0627,0.0
R_r_0628,0.0
R_r_0629,0.0
R_r_0630,0.0
R_r_0631,0.0
R_r_0632,0.0
R_r_0633,0.0
R_r_0634,0.0
R_r_0635,0.0
R_r_0636,0.0
R_r_0637,0.0
R_r_0638,0.0
R_r_0639,0.0
R_r_0640,0.0
R_r_0641,0.0
R_r_0642,0.0
R_r_0643,0.0
R_r_0644,0.0
R_r_0645,0.0
R_r_0646,0.0
R_r_0647,0.0
R_r_0648,0.0
R_r_0649,0.0
R_r_0650,0.0
R_r_0651,0.0
R_r_0652,0.0
R_r_0653,0.0
R_r_0654,0.0
R_r_0655,0.0
R_r_0656,0.0
R_r_0657,0.0
R_r_0658,0.01994676782818816
R_r_0659,0.0
R_r_0661,0.0
R_r_0662,0.0
R_r_0663,0.8485942423593599
R_r_0664,-0.8485942423593599
R_r_0665,0.0
R_r_0666,0.0
R_r_0667,0.0
R_r_0668,0.0
R_r_0669,0.0
R_r_0670,0.0
R_r_0671,0.0
R_r_0672,0.0
R_r_0673,0.0
R_r_0674,0.0
R_r_0675,0.0
R_r_0676,0.0
R_r_0678,0.0
R_r_0679,0.0
R_r_0680,0.0
R_r_0681,0.0
R_r_0682,0.0
R_r_0683,0.0
R_r_0687,0.0
R_r_0688,0.0
R_r_0689,0.0
R_r_0690,0.0
R_r_0691,0.0
R_r_0692,0.0
R_r_0693,0.0
R_r_0694,0.0
R_r_0695,0.0
R_r_0696,0.0
R_r_0697,0.0
R_r_0698,0.0
R_r_0699,0.0
R_r_0700,0.0
R_r_0701,0.0
R_r_0702,0.0
R_r_0703,0.0
R_r_0704,0.0
R_r_0705,0.0
R_r_0706,0.0
R_r_0707,0.0
R_r_0708,0.0
R_r_0711,0.0
R_r_0712,0.0
R_r_0713,0.01994676782818816
R_r_0714,0.0
R_r_0715,0.0
R_r_0716,0.0
R_r_0717,0.0
R_r_0718,0.0
R_r_0719,0.0
R_r_0721,0.0
R_r_0722,0.0
R_r_0723,0.0
R_r_0724,0.0
R_r_0725,0.0
R_r_0726,0.0
R_r_0727,0.0
R_r_0728,0.0
R_r_0729,0.0
R_r_0730,0.0
R_r_0731,0.0
R_r_0732,0.0
R_r_0733,0.0
R_r_0734,0.0
R_r_0735,0.0
R_r_0736,0.0
R_r_0737,0.0
R_r_0738,0.0
R_r_0739,0.0
R_r_0747,0.0
R_r_0748,0.0
R_r_0749,0.0
R_r_0750,0.0
R_r_0751,0.0
R_r_0752,0.0
R_r_0753,0.0
R_r_0754,0.0
R_r_0755,0.0
R_r_0756,0.0
R_r_0757,0.0
R_r_0758,0.0
R_r_0759,0.0
R_r_0760,0.0
R_r_0761,0.0
R_r_0762,0.0
R_r_0763,0.0
R_r_0764,0.0
R_r_0765,0.0
R_r_0766,0.0
R_r_0767,0.0
R_r_0768,0.0
R_r_0769,0.0
R_r_0770,0.868541010187536
R_r_0771,0.0
R_r_0772,0.0
R_r_0773,0.07978707131275264
R_r_0774,0.0
R_r_0775,0.0
R_r_0781,0.0
R_r_0782,0.0
R_r_0783,0.0
R_r_0784,0.0
R_r_0785,0.0
R_r_0786,0.0
R_r_0787,0.0
R_r_0788,0.0
R_r_0789,0.0
R_r_0790,0.0
R_r_0791,0.0
R_r_0792,0.0
R_r_0793,0.0
R_r_0795,0.0
R_r_0796,0.0
R_r_0797,0.0
R_r_0798,0.0
R_r_0799,0.0
R_r_0800,0.0
R_r_0801,0.0
R_r_0802,0.0
R_r_0803,0.0
R_r_0804,0.0
R_r_0805,0.0
R_r_0806,0.0
R_r_0807,0.0
R_r_0810,0.0
R_r_0811,0.0
R_r_0812,0.0
R_r_0813,0.0
R_r_0815,0.0
R_r_0816,0.0
R_r_0817,0.0
R_r_0818,0.0
R_r_0819,0.0
R_r_0820,0.0
R_r_0821,0.0
R_r_0831,0.01994676782818816
R_r_0832,0.01994676782818816
R_r_0841,0.0
R_r_0842,0.0
R_r_0843,0.0
R_r_0844,0.0
R_r_0845,0.0
R_r_0847,0.0
R_r_0848,0.0
R_r_0849,0.0
R_r_0850,0.0
R_r_0851,0.0
R_r_0852,0.0
R_r_0853,0.0
R_r_0854,0.0
R_r_0855,0.0
R_r_0882,0.0
R_r_0883,0.0
R_r_0884,0.0
R_r_0885,0.0
R_r_0886,0.4342705050937681
R_r_0887,0.28286474745311596
R_r_0888,0.0
R_r_0889,0.0
R_r_0890,0.0
R_r_0891,0.0
R_r_0892,0.868541010187536
R_r_0893,0.868541010187536
R_r_0902,0.0
R_r_0903,0.0
R_r_0904,0.0
R_r_0905,0.0
R_r_0906,0.0
R_r_0907,0.0
R_r_0908,0.0
R_r_0909,0.0
R_r_0910,0.0
R_r_0911,0.0
R_r_0912,0.0
R_r_0913,0.0
R_r_0914,0.0
R_r_0915,0.0
R_r_0916,0.0
R_r_0917,0.0
R_r_0918,0.0
R_r_0919,0.0
R_r_0920,0.0
R_r_0921,0.0
R_r_0922,0.0
R_r_0929,0.0
R_r_0935,0.0
R_r_0936,0.0
R_r_0937,0.0
R_r_0938,0.0
R_r_0939,0.0
R_r_0940,0.0
R_r_0941,0.0
R_r_0942,0.0
R_r_0943,0.0
R_r_0949,0.0
R_r_0950,0.0
R_r_0951,0.0
R_r_0953,0.0
R_r_0954,0.0
R_r_0955,0.0
R_r_0956,0.0
R_r_0957,0.0
R_r_0958,0.0
R_r_0959,0.0
R_r_0960,0.0
R_r_0961,0.01994676782818816
R_r_0962,0.01994676782818816
R_r_0963,0.0
R_r_0964,0.0
R_r_0965,0.0
R_r_0966,0.0
R_r_0967,0.0
R_r_0968,0.0
R_r_0969,0.0
R_r_0970,0.0
R_r_0971,0.0
R_r_0972,0.0
R_r_0973,0.0
R_r_0974,0.0
R_r_0975,0.0
R_r_0976,0.0
R_r_0977,0.0
R_r_0978,0.0
R_r_0979,0.0
R_r_0982,0.28286474745311596
R_r_0983,0.0
R_r_0984,-0.28286474745311596
R_r_0985,0.0
R_r_0986,0.0
R_r_0987,0.0
R_r_0988,0.0
R_r_0989,0.0
R_r_0990,0.28286474745311596
R_r_0992,0.0
R_r_0993,0.0
R_r_0995,0.0
R_r_0996,0.0
R_r_0997,0.0
R_r_0998,0.0
R_r_0999,0.0
R_r_1000,0.0
R_r_1001,0.0
R_r_1002,0.0
R_r_1003,0.0
R_r_1004,0.0
R_r_1005,0.0
R_r_1006,0.0
R_r_1007,0.0
R_r_1008,0.0
R_r_1009,0.0
R_r_1010,0.0
R_r_1011,0.0
R_r_1012,0.0
R_r_1021,0.01994676782818816
R_r_1022,0.01994676782818816
R_r_1023,0.0
R_r_1024,0.0
R_r_1025,0.0
R_r_1026,0.0
R_r_1027,0.0
R_r_1028,0.0
R_r_1029,0.0
R_r_1030,0.0
R_r_1031,0.0
R_r_1032,0.0
R_r_1033,0.0
R_r_1034,0.0
R_r_1035,0.0
R_r_1036,0.0
R_r_1037,0.0
R_r_1038,0.0
R_r_1039,0.0
R_r_1040,0.0
R_r_1041,0.0
R_r_1042,0.0
R_r_1043,0.0
R_r_1045,0.0
R_r_1046,0.0
R_r_1047,0.0
R_r_1048,0.0
R_r_1049,0.28286474745311596
R_r_1050,-0.5657294949062319
R_r_1051,0.0
R_r_1054,0.717135252546884
R_r_1055,0.0
R_r_1056,0.0
R_r_1057,0.0
R_r_1058,0.0
R_r_1063,0.0
R_r_1065,0.0
R_r_1066,0.0
R_r_1067,0.0
R_r_1068,0.0
R_r_1069,0.0
R_r_1070,0.0
R_r_1071,0.0
R_r_1072,0.0
R_r_1073,0.0
R_r_1074,0.0
R_r_1075,0.0
R_r_1076,0.0
R_r_1077,0.0
R_r_1078,0.0
R_r_1079,0.0
R_r_1080,0.0
R_r_1081,0.0
R_r_1082,0.0
R_r_1083,0.0
R_r_1084,0.0
R_r_1085,0.0
R_r_1086,0.0
R_r_1087,0.0
R_r_1088,0.0
R_r_1089,0.0
R_r_1090,0.0
R_r_1091,0.0
R_r_1092,0.0
R_r_1093,0.0
R_r_1094,0.0
R_r_1095,0.0
R_r_1096,0.0
R_r_1097,0.0
R_r_1098,0.0
R_r_1099,0.0
R_r_1100,0.0
R_r_1101,0.0
R_r_1102,0.0
R_r_1103,0.0
R_r_1104,0.0
R_r_1106,0.0
R_r_1107,0.0
R_r_1108,0.0
R_r_1109,0.0
R_r_1110,1.5286474745311598
R_r_1111,0.0
R_r_1112,-0.8485942423593599
R_r_1113,0.0
R_r_1114,0.0
R_r_1115,0.0
R_r_1116,0.0
R_r_1118,0.0
R_r_1119,0.0
R_r_1120,0.0
R_r_1121,0.0
R_r_1122,0.0
R_r_1123,0.0
R_r_1124,0.0
R_r_1125,0.0
R_r_1126,0.0
R_r_1127,-0.8485942423593599
R_r_1128,0.0
R_r_1129,0.0
R_r_1130,0.0
R_r_1131,0.0
R_r_1132,0.0
R_r_1133,0.0
R_r_1134,0.0
R_r_1135,0.0
R_r_1136,0.0
R_r_1137,0.0
R_r_1138,0.0
R_r_1139,0.0
R_r_1146,0.0
R_r_1147,0.0
R_r_1148,0.0
R_r_1149,0.0
R_r_1151,0.0
R_r_1161,0.0
R_r_1162,0.0
R_r_1164,0.0
R_r_1165,0.0
R_r_1166,1.0
R_r_1167,0.0
R_r_1168,0.0
R_r_1169,0.0
R_r_1170,0.0
R_r_1171,0.0
R_r_1172,0.0
R_r_1173,0.0
R_r_1174,0.0
R_r_1175,0.0
R_r_1176,0.0
R_r_1177,0.0
R_r_1178,0.0
R_r_1179,0.0
R_r_1180,0.0
R_r_1181,0.0
R_r_1182,0.0
R_r_1183,0.0
R_r_1184,0.0
R_r_1185,0.0
R_r_1186,0.0
R_r_1187,0.0
R_r_1188,0.0
R_r_1189,0.0
R_r_1190,0.0
R_r_1191,0.0
R_r_1192,0.0
R_r_1193,0.0
R_r_1194,0.8485942423593599
R_r_1195,0.0
R_r_1196,0.0
R_r_1197,0.0
R_r_1198,0.0
R_r_1199,0.0
R_r_1200,0.0
R_r_1201,0.0
R_r_1202,0.0
R_r_1203,0.0
R_r_1204,0.0
R_r_1205,0.0
R_r_1206,0.0
R_r_1207,0.0
R_r_1208,0.0
R_r_1209,0.0
R_r_1210,0.0
R_r_1211,0.0
R_r_1212,0.0
R_r_1213,0.0
R_r_1214,0.0
R_r_1215,0.0
R_r_1216,0.0
R_r_1217,0.0
R_r_1218,0.0
R_r_1219,0.0
R_r_1220,0.0
R_r_1221,0.0
R_r_1222,0.0
R_r_1223,0.0
R_r_1224,0.0
R_r_1225,0.0
R_r_1226,0.0
R_r_1227,0.0
R_r_1228,0.0
R_r_1229,0.0
R_r_1230,0.0
R_r_1231,0.0
R_r_1232,0.0
R_r_1235,0.0
R_r_1236,0.0
R_r_1237,0.0
R_r_1238,0.0
R_r_1239,0.0
R_r_1241,0.0
R_r_1242,0.0
R_r_1243,0.0
R_r_1244,0.0
R_r_1245,0.6800532321717999
R_r_1249,0.0
R_r_1250,0.0
R_r_1251,0.0
R_r_1252,0.0
R_r_1253,0.0
R_r_1254,0.0
R_r_1255,0.0
R_r_1256,0.0
R_r_1257,0.0
R_r_1258,0.0
R_r_1259,0.0
R_r_1260,0.0
R_r_1261,0.0
R_r_1262,0.0
R_r_1263,0.0
R_r_1264,0.0
R_r_1265,0.0
R_r_1266,0.0
R_r_1267,0.0
R_r_1268,0.0
R_r_1269,0.0
R_r_1270,0.0
R_r_1271,0.0
R_r_1272,0.0
R_r_1273,0.0
R_r_1274,0.0
R_r_1275,0.0
R_r_1276,0.0
R_r_1277,-3.4542172729219445
R_r_1278,0.0
R_r_1449,0.0
R_r_1450,0.0
R_r_1451,0.0
R_r_1452,0.0
R_r_1453,0.0
R_r_1454,0.0
R_r_1455,0.0
R_r_1456,0.0
R_r_1457,0.0
R_r_1458,0.0
R_r_1479,0.0
R_r_1480,0.0
R_r_1481,0.0
R_r_1482,0.0
R_r_1483,0.0
R_r_1484,0.0
R_r_1485,0.0
R_r_1486,0.0
R_r_1487,0.0
R_r_1488,0.0
R_r_1509,0.0
R_r_1510,0.0
R_r_1511,0.0
R_r_1512,0.0
R_r_1513,0.0
R_r_1514,0.0
R_r_1515,0.0
R_r_1516,0.0
R_r_1517,0.0
R_r_1518,0.0
R_r_1542,0.0
R_r_1543,0.0
R_r_1545,-0.0
R_r_1546,0.0
R_r_1547,-0.0
R_r_1548,-0.0
R_r_1549,0.0
R_r_1550,-0.0
R_r_1551,0.0
R_r_1552,0.0
R_r_1553,-0.0
R_r_1554,-0.0
R_r_1560,0.0
R_r_1562,0.0
R_r_1563,-0.0
R_r_1564,-0.0
R_r_1565,-0.0
R_r_1566,-0.0
R_r_1567,-0.8485942423593479
R_r_1568,0.0
R_r_1572,0.0
R_r_1573,0.0
R_r_1574,0.0
R_r_1575,0.0
R_r_1576,0.0
R_r_1577,-0.0
R_r_1578,0.0
R_r_1579,0.0
R_r_1580,-0.0
R_r_1581,-0.0
R_r_1582,0.0
R_r_1583,0.0
R_r_1585,0.0
R_r_1586,0.0
R_r_1587,0.0
R_r_1588,0.0
R_r_1589,-0.0
R_r_1590,0.0
R_r_1591,0.0
R_r_1595,0.0
R_r_1596,0.8485942423593599
R_r_1597,0.0
R_r_1598,-0.0
R_r_1599,0.0
R_r_1600,0.0
R_r_1601,0.0
R_r_1603,0.0
R_r_1604,-0.0
R_r_1605,0.0
R_r_1606,0.0
R_r_1607,0.0
R_r_1608,0.0
R_r_1609,0.0
R_r_1610,0.0
R_r_1611,0.0
R_r_1613,0.0
R_r_1614,0.0
R_r_1615,0.0
R_r_1616,0.0
R_r_1617,0.0
R_r_1618,0.0
R_r_1619,0.0
R_r_1620,0.0
R_r_1621,-0.0
R_r_1622,0.0
R_r_1623,0.0
R_r_1624,0.0
R_r_1625,-0.0
R_r_1627,-0.0
R_r_1628,0.0
R_r_1629,-0.0
R_r_1630,-0.0
R_r_1631,0.0
R_r_1632,0.0
R_r_1633,0.0
R_r_1634,0.0
R_r_1635,0.0
R_r_1637,0.0
R_r_1638,0.0
R_r_1639,-0.0
R_r_1640,0.0
R_r_1641,0.0
R_r_1642,0.0
R_r_1643,0.0
R_r_1644,0.0
R_r_1645,0.0
R_r_1647,0.0
R_r_1648,0.0
R_r_1649,0.0
R_r_1650,0.0
R_r_1651,0.0
R_r_1652,0.0
R_r_1654,0.0
R_r_1656,0.0
R_r_1657,0.0
R_r_1658,0.0
R_r_1659,0.0
R_r_1660,0.0
R_r_1661,0.0
R_r_1663,0.0
R_r_1664,0.0
R_r_1665,0.0
R_r_1667,0.0
R_r_1668,0.0
R_r_1669,0.0
R_r_1671,-0.0
R_r_1672,0.9084345458439124
R_r_1673,0.0
R_r_1674,0.0
R_r_1675,0.0
R_r_1676,0.0
R_r_1677,0.0
R_r_1678,0.0
R_r_1679,0.0
R_r_1680,0.0
R_r_1681,0.0
R_r_1682,0.0
R_r_1683,-0.0
R_r_1684,0.0
R_r_1685,0.0
R_r_1686,0.0
R_r_1687,0.0
R_r_1688,0.0
R_r_1689,0.0
R_r_1690,0.0
R_r_1691,0.0
R_r_1694,0.0
R_r_1695,0.0
R_r_1696,-0.05984030348456448
R_r_1697,0.9084345458439124
R_r_1698,0.0
R_r_1699,0.0
R_r_1700,0.0
R_r_1702,-0.0
R_r_1703,0.0
R_r_1704,0.0
R_r_1705,-0.0
R_r_1706,0.0
R_r_1707,0.0
R_r_1708,0.8485942423593599
R_r_1709,0.0
R_r_1710,0.0
R_r_1711,-0.0
R_r_1712,0.0
R_r_1713,0.0
R_r_1714,-1.0
R_r_1715,0.0
R_r_1716,0.0
R_r_1717,0.0
R_r_1718,0.0
R_r_1719,0.0
R_r_1720,0.0
R_r_1721,0.0
R_r_1722,0.0
R_r_1723,0.0
R_r_1724,0.0
R_r_1725,0.0
R_r_1726,0.0
R_r_1727,0.0
R_r_1728,0.0
R_r_1729,0.0
R_r_1730,-0.0
R_r_1731,0.0
R_r_1732,0.0
R_r_1733,0.0
R_r_1734,0.0
R_r_1735,0.0
R_r_1736,0.0
R_r_1737,0.0
R_r_1738,0.0
R_r_1739,0.0
R_r_1743,0.0
R_r_1744,0.0
R_r_1745,0.0
R_r_1746,0.0
R_r_1747,0.0
R_r_1748,0.0
R_r_1749,0.0
R_r_1750,0.0
R_r_1751,0.0
R_r_1752,0.0
R_r_1753,-0.0
R_r_1754,0.0
R_r_1757,-0.0
R_r_1758,0.0
R_r_1759,0.0
R_r_1761,0.0
R_r_1762,0.0
R_r_1763,0.0
R_r_1764,0.0
R_r_1765,-0.0
R_r_1766,0.0
R_r_1770,0.0
R_r_1771,0.0
R_r_1772,0.0
R_r_1774,0.0
R_r_1775,0.0
R_r_1776,0.0
R_r_1777,0.0
R_r_1788,-0.0
R_r_1790,0.0
R_r_1791,-0.0
R_r_1792,-0.0
R_r_1793,0.0
R_r_1794,0.0
R_r_1795,0.0
R_r_1796,0.0
R_r_1797,0.0
R_r_1798,0.0
R_r_1800,0.0
R_r_1801,0.0
R_r_1802,0.0
R_r_1803,0.0
R_r_1805,0.0
R_r_1806,0.0
R_r_1807,0.0
R_r_1808,0.0
R_r_1809,0.0
R_r_1810,0.0
R_r_1811,0.0
R_r_1812,0.0
R_r_1813,0.0
R_r_1814,-0.0
R_r_1815,0.0
R_r_1816,0.0
R_r_1817,0.0
R_r_1818,-0.0
R_r_1819,0.0
R_r_1820,0.0
R_r_1821,0.0
R_r_1822,0.0
R_r_1823,0.0
R_r_1824,0.0
R_r_1825,0.0
R_r_1826,0.0
R_r_1827,0.0
R_r_1829,0.0
R_r_1830,0.0
R_r_1831,0.0
R_r_1832,0.0
R_r_1833,0.0
R_r_1834,-0.0
R_r_1835,0.0
R_r_1836,0.0
R_r_1837,0.0
R_r_1838,0.0
R_r_1839,0.0
R_r_1840,0.0
R_r_1841,-0.0
R_r_1842,0.0
R_r_1843,-0.0
R_r_1844,0.0
R_r_1845,0.0
R_r_1846,0.0
R_r_1847,0.0
R_r_1848,0.0
R_r_1849,0.0
R_r_1850,0.0
R_r_1851,0.0
R_r_1852,0.0
R_r_1853,0.0
R_r_1854,0.0
R_r_1855,0.0
R_r_1856,0.0
R_r_1857,0.0
R_r_1858,0.0
R_r_1859,0.0
R_r_1860,0.0
R_r_1861,0.0
R_r_1862,-0.0
R_r_1863,0.0
R_r_1864,0.0
R_r_1865,-0.0
R_r_1866,-0.0
R_r_1867,-0.0
R_r_1868,0.0
R_r_1869,0.0
R_r_1870,-0.0
R_r_1871,0.0
R_r_1872,0.0
R_r_1873,0.0
R_r_1874,0.0
R_r_1875,0.0
R_r_1876,0.0
R_r_1877,0.0
R_r_1878,0.0
R_r_1879,0.0
R_r_1880,0.0
R_r_1881,0.0
R_r_1882,0.0
R_r_1883,0.0
R_r_1884,0.0
R_r_1885,0.0
R_r_1886,0.0
R_r_1887,0.0
R_r_1889,0.0
R_r_1890,0.0
R_r_1891,0.0
R_r_1892,0.0
R_r_1893,-0.0
R_r_1895,0.0
R_r_1896,0.0
R_r_1897,0.0
R_r_1898,0.8485942423593599
R_r_1899,0.0
R_r_1900,-0.0
R_r_1901,0.0
R_r_1902,0.0
R_r_1903,0.0
R_r_1904,0.0
R_r_1905,0.0
R_r_1906,0.0
R_r_1907,0.0
R_r_1908,0.0
R_r_1909,-0.0
R_r_1910,0.0
R_r_1911,0.0
R_r_1912,0.0
R_r_1913,0.0
R_r_1914,0.0
R_r_1915,-0.0
R_r_1916,0.0
R_r_1919,0.0
R_r_1920,0.0
R_r_1921,0.0
R_r_1922,0.0
R_r_1923,0.0
R_r_1924,0.0
R_r_1925,0.0
R_r_1926,0.0
R_r_1927,0.0
R_r_1928,0.0
R_r_1929,0.0
R_r_1930,0.0
R_r_1931,0.0
R_r_1932,0.0
R_r_1935,0.0
R_r_1936,0.0
R_r_1937,0.0
R_r_1938,0.0
R_r_1939,0.0
R_r_1940,0.0
R_r_1941,0.0
R_r_1942,0.0
R_r_1943,0.0
R_r_1944,0.0
R_r_1945,0.0
R_r_1946,0.0
R_r_1947,-0.0
R_r_1952,-0.0
R_r_1963,0.0
R_r_1964,0.0
R_r_1965,0.0
R_r_1966,0.0
R_r_1967,-0.0
R_r_1968,-0.0
R_r_1970,0.0
R_r_1971,0.0
R_r_1972,0.0
R_r_1974,0.0
R_r_1975,0.0
R_r_1976,0.0
R_r_1977,0.0
R_r_1978,0.4841374246642384
R_r_1979,1.3327316670235863
R_r_1980,0.0
R_r_1981,0.0
R_r_1984,0.0
R_r_1987,0.0
R_r_1988,0.0
R_r_1989,0.0
R_r_1990,0.0
R_r_1991,0.0
R_r_1992,-1.3327316670235863
R_r_1993,0.0
R_r_1994,0.0
R_r_1995,0.0
R_r_1996,0.0
R_r_1997,0.0
R_r_1998,0.0
R_r_1999,-0.0
R_r_2000,-0.0
R_r_2001,-0.0
R_r_2002,0.0
R_r_2003,0.0
R_r_2004,0.0
R_r_2005,0.0
R_r_2008,0.0
R_r_2020,0.0
R_r_2022,0.0
R_r_2023,0.0
R_r_2024,-0.0
R_r_2025,0.0
R_r_2026,0.0
R_r_2027,0.0
R_r_2028,0.0
R_r_2029,0.0
R_r_2030,0.0
R_r_2031,0.0
R_r_2032,0.0
R_r_2033,0.0
R_r_2034,0.01994676782818816
R_r_2036,0.0
R_r_2037,0.0
R_r_2038,-0.0
R_r_2039,0.0
R_r_2040,0.0
R_r_2041,0.0
R_r_2042,0.0
R_r_2043,0.0
R_r_2044,0.0
R_r_2045,0.0
R_r_2046,0.0
R_r_2049,0.0
R_r_2050,0.0
R_r_2051,-0.0
R_r_2052,0.0
R_r_2053,0.0
R_r_2054,0.0
R_r_2055,0.0
R_r_2056,0.0
R_r_2057,0.0
R_r_2058,0.0
R_r_2060,0.0
R_r_2061,-0.0
R_r_2062,-0.0
R_r_2063,0.0
R_r_2064,0.0
R_r_2065,0.0
R_r_2066,-0.0
R_r_2067,-0.0
R_r_2068,-0.0
R_r_2069,0.0
R_r_2070,0.0
R_r_2071,0.0
R_r_2072,0.0
R_r_2073,-0.0
R_r_2074,0.0
R_r_2075,0.0
R_r_2079,0.0
R_r_2080,0.0
R_r_2082,0.0
R_r_2083,-0.0
R_r_2084,0.0
R_r_2085,0.0
R_r_2086,0.0
R_r_2087,0.0
R_r_2089,0.0
R_r_2090,-0.0
R_r_2091,-0.0
R_r_2092,-0.0
R_r_2093,0.0
R_r_2094,0.0
R_r_2095,0.0
R_r_2096,-1.5884877780157123
R_r_2097,0.0
R_r_2098,0.0
R_r_2099,0.0
R_r_2100,3.4542172729219445
R_r_2101,0.0
R_r_2102,-0.0
R_r_2103,0.0
R_r_2104,0.0
R_r_2105,0.0
R_r_2106,-0.0
R_r_2107,0.0
R_r_2108,0.0
R_r_2111,-0.0
R_r_2112,0.0
R_r_2113,0.0
R_r_2114,0.0
R_r_2115,0.0
R_r_2116,0.0
R_r_2117,0.0
R_r_2118,0.0
R_r_2119,0.0
R_r_2125,0.0
R_r_2126,0.0
R_r_2129,0.0
R_r_2131,0.0
R_r_2132,0.0
R_r_2134,-0.0
R_r_2136,0.0
R_r_2137,-0.0
R_r_2139,0.0
R_r_2140,0.0
R_r_2141,0.0
R_r_2142,0.0
R_r_2143,0.0
R_r_2144,0.0
R_r_2145,0.0
R_r_2146,0.0
R_r_2147,0.0
R_r_2148,0.0
R_r_2149,0.0
R_r_2150,0.0
R_r_2151,0.0
R_r_2152,0.0
R_r_2153,0.0
R_r_2154,0.0
R_r_2155,0.0
R_r_2156,0.0
R_r_2157,0.0
R_r_2158,0.0
R_r_2159,0.0
R_r_2160,0.0
R_r_2161,0.0
R_r_2162,0.0
R_r_2163,0.0
R_r_2164,0.0
R_r_2165,0.0
R_r_2166,0.0
R_r_2167,0.0
R_r_2168,0.0
R_r_2169,0.0
R_r_2170,0.0
R_r_2171,0.0
R_r_2172,0.0
R_r_2173,0.0
R_r_2174,0.0
R_r_2175,0.0
R_r_2176,0.0
R_r_2177,0.0
R_r_2178,0.0
R_r_2179,0.0
R_r_2180,0.0
R_r_2181,0.0
R_r_2182,0.0
R_r_2183,0.0
R_r_2184,0.0
R_r_2185,0.0
R_r_2186,0.0
R_r_2187,-0.0
R_r_2188,-0.0
R_r_2189,0.0
R_r_2190,0.0
R_r_2191,0.0
R_r_2192,0.0
R_r_2193,0.0
R_r_2194,0.0
R_r_2195,0.0
R_r_2196,0.0
R_r_2197,0.0
R_r_2198,0.0
R_r_2199,0.0
R_r_2200,0.0
R_r_2201,0.0
R_r_2202,0.0
R_r_2203,0.0
R_r_2204,0.0
R_r_2205,0.0
R_r_2206,0.0
R_r_2207,0.0
R_r_2208,0.0
R_r_2209,0.0
R_r_2210,0.0
R_r_2211,0.0
R_r_2212,0.0
R_r_2213,0.0
R_r_2214,0.0
R_r_2215,0.0
R_r_2216,0.0
R_r_2217,0.0
R_r_2218,0.0
R_r_2219,0.0
R_r_2220,0.0
R_r_2221,0.0
R_r_2222,0.0
R_r_2223,0.0
R_r_2224,0.0
R_r_2225,0.0
R_r_2226,0.0
R_r_2227,0.0
R_r_2228,0.0
R_r_2229,0.0
R_r_2230,0.0
R_r_2231,0.0
R_r_2232,0.0
R_r_2233,0.0
R_r_2234,0.0
R_r_2235,0.0
R_r_2236,0.0
R_r_2237,0.0
R_r_2238,0.0
R_r_2239,0.0
R_r_2240,0.0
R_r_2241,0.0
R_r_2242,0.0
R_r_2243,0.0
R_r_2244,0.0
R_r_2245,0.0
R_r_2246,0.0
R_r_2247,0.0
R_r_2248,0.0
R_r_2249,0.0
R_r_2250,0.0
R_r_2251,0.0
R_r_2252,0.0
R_r_2253,0.0
R_r_2254,0.0
R_r_2255,0.0
R_r_2256,0.0
R_r_2257,0.0
R_r_2258,0.0
R_r_2259,0.0
R_r_2260,0.0
R_r_2261,0.0
R_r_2262,0.0
R_r_2263,0.0
R_r_2264,0.0
R_r_2265,0.0
R_r_2266,0.0
R_r_2267,0.0
R_r_2268,0.0
R_r_2269,0.0
R_r_2270,0.0
R_r_2271,0.0
R_r_2272,0.0
R_r_2273,0.0
R_r_2274,0.0
R_r_2275,0.0
R_r_2276,0.0
R_r_2277,0.0
R_r_2278,0.0
R_r_2279,0.0
R_r_2280,0.0
R_r_2281,0.0
R_r_2282,0.0
R_r_2283,0.0
R_r_2284,0.0
R_r_2285,0.0
R_r_2286,0.0
R_r_2287,0.0
R_r_2288,0.0
R_r_2289,0.0
R_r_2290,0.0
R_r_2291,0.0
R_r_2292,0.0
R_r_2293,0.0
R_r_2294,0.0
R_r_2295,0.0
R_r_2296,0.0
R_r_2297,0.0
R_r_2298,0.0
R_r_2299,0.0
R_r_2300,0.0
R_r_2301,0.0
R_r_2302,0.0
R_r_2303,0.0
R_r_2304,0.0
R_r_2305,0.0
R_r_2308,0.0
R_r_2309,0.0
R_r_2310,0.0
R_r_2311,0.0
R_r_2312,0.0
R_r_2313,0.0
R_r_2314,0.0
R_r_2315,0.0
R_r_2316,0.0
R_r_2317,0.0
R_r_2318,0.0
R_r_2319,0.0
R_r_2320,0.0
R_r_2321,0.0
R_r_2322,0.0
R_r_2323,0.0
R_r_2324,0.0
R_r_2325,0.0
R_r_2326,0.0
R_r_2327,0.0
R_r_2328,0.0
R_r_2329,0.0
R_r_2330,0.0
R_r_2331,0.0
R_r_2332,0.0
R_r_2333,0.0
R_r_2334,0.0
R_r_2335,0.0
R_r_2336,0.0
R_r_2337,0.0
R_r_2338,0.0
R_r_2339,0.0
R_r_2340,0.0
R_r_2341,0.0
R_r_2342,0.0
R_r_2343,0.0
R_r_2344,0.0
R_r_2345,0.0
R_r_2346,0.0
R_r_2347,0.0
R_r_2348,0.0
R_r_2349,0.0
R_r_2350,0.0
R_r_2351,0.0
R_r_2352,0.0
R_r_2353,0.0
R_r_2354,0.0
R_r_2355,0.0
R_r_2356,0.0
R_r_2357,0.0
R_r_2358,0.0
R_r_2359,0.0
R_r_2360,0.0
R_r_2361,0.0
R_r_2362,0.0
R_r_2363,0.0
R_r_2364,0.0
R_r_2365,0.0
R_r_2366,0.0
R_r_2367,0.0
R_r_2368,0.0
R_r_2369,0.0
R_r_2370,0.0
R_r_2371,0.0
R_r_2372,0.0
R_r_2373,0.0
R_r_2374,0.0
R_r_2375,0.0
R_r_2376,0.0
R_r_2377,0.0
R_r_2378,0.0
R_r_2379,0.0
R_r_2380,0.0
R_r_2381,0.0
R_r_2382,0.0
R_r_2383,0.0
R_r_2384,0.0
R_r_2385,0.0
R_r_2386,0.0
R_r_2387,0.0
R_r_2388,0.0
R_r_2389,0.0
R_r_2390,0.0
R_r_2391,0.0
R_r_2392,0.0
R_r_2393,0.0
R_r_2394,0.0
R_r_2395,0.0
R_r_2396,0.0
R_r_2397,0.0
R_r_2398,0.0
R_r_2399,0.0
R_r_2400,0.0
R_r_2401,0.0
R_r_2402,0.0
R_r_2403,0.0
R_r_2404,0.0
R_r_2405,0.0
R_r_2406,0.0
R_r_2407,0.0
R_r_2408,0.0
R_r_2409,0.0
R_r_2410,0.0
R_r_2411,0.0
R_r_2412,0.0
R_r_2413,0.0
R_r_2414,0.0
R_r_2415,0.0
R_r_2416,0.0
R_r_2417,0.0
R_r_2418,0.0
R_r_2419,0.0
R_r_2420,0.0
R_r_2421,0.0
R_r_2422,0.0
R_r_2423,0.0
R_r_2424,0.0
R_r_2425,0.0
R_r_2426,0.0
R_r_2427,0.0
R_r_2428,0.0
R_r_2429,0.0
R_r_2430,0.0
R_r_2431,0.0
R_r_2432,0.0
R_r_2433,0.0
R_r_2434,0.0
R_r_2435,0.0
R_r_2436,0.0
R_r_2437,0.0
R_r_2438,0.0
R_r_2439,0.0
R_r_2440,0.0
R_r_2441,0.0
R_r_2442,0.0
R_r_2443,0.0
R_r_2444,0.0
R_r_2445,0.0
R_r_2446,0.0
R_r_2447,0.0
R_r_2448,0.0
R_r_2449,0.0
R_r_2450,0.0
R_r_2451,0.0
R_r_2452,0.0
R_r_2453,0.0
R_r_2454,0.0
R_r_2455,0.0
R_r_2456,0.0
R_r_2457,0.0
R_r_2458,0.0
R_r_2459,0.0
R_r_2460,0.0
R_r_2461,0.0
R_r_2462,0.0
R_r_2463,0.0
R_r_2464,0.0
R_r_2465,0.0
R_r_2466,0.0
R_r_2467,0.0
R_r_2468,0.0
R_r_2469,0.0
R_r_2470,0.0
R_r_2471,0.0
R_r_2472,0.0
R_r_2473,0.0
R_r_2474,0.0
R_r_2475,0.0
R_r_2476,0.0
R_r_2477,0.0
R_r_2478,0.0
R_r_2479,0.0
R_r_2480,0.0
R_r_2481,0.0
R_r_2482,0.0
R_r_2483,0.0
R_r_2484,0.0
R_r_2485,0.0
R_r_2486,0.0
R_r_2487,0.0
R_r_2488,0.0
R_r_2489,0.0
R_r_2490,0.0
R_r_2491,0.0
R_r_2492,0.0
R_r_2493,0.0
R_r_2494,0.0
R_r_2495,0.0
R_r_2496,0.0
R_r_2497,0.0
R_r_2498,0.0
R_r_2499,0.0
R_r_2500,0.0
R_r_2501,0.0
R_r_2502,0.0
R_r_2503,0.0
R_r_2504,0.0
R_r_2505,0.0
R_r_2506,0.0
R_r_2507,0.0
R_r_2508,0.0
R_r_2509,0.0
R_r_2510,0.0
R_r_2511,0.0
R_r_2512,0.0
R_r_2513,0.0
R_r_2514,0.0
R_r_2515,0.0
R_r_2516,0.0
R_r_2517,0.0
R_r_2518,0.0
R_r_2519,0.0
R_r_2520,0.0
R_r_2521,0.0
R_r_2522,0.0
R_r_2523,0.0
R_r_2524,0.0
R_r_2525,0.0
R_r_2526,0.0
R_r_2527,0.0
R_r_2528,0.0
R_r_2529,0.0
R_r_2530,0.0
R_r_2531,0.0
R_r_2532,0.0
R_r_2533,0.0
R_r_2534,0.0
R_r_2535,0.0
R_r_2536,0.0
R_r_2537,0.0
R_r_2538,0.0
R_r_2539,0.0
R_r_2540,0.0
R_r_2541,0.0
R_r_2542,0.0
R_r_2543,0.0
R_r_2544,0.0
R_r_2545,0.0
R_r_2546,0.0
R_r_2547,0.0
R_r_2548,0.0
R_r_2549,0.0
R_r_2550,0.0
R_r_2551,0.0
R_r_2552,0.0
R_r_2553,0.0
R_r_2554,0.0
R_r_2555,0.0
R_r_2556,0.0
R_r_2557,0.0
R_r_2558,0.0
R_r_2559,0.0
R_r_2560,0.0
R_r_2561,0.0
R_r_2562,0.0
R_r_2563,0.0
R_r_2564,0.0
R_r_2565,0.0
R_r_2566,0.0
R_r_2567,0.0
R_r_2568,0.0
R_r_2569,0.0
R_r_2570,0.0
R_r_2571,0.0
R_r_2572,0.0
R_r_2573,0.0
R_r_2574,0.0
R_r_2575,0.0
R_r_2576,0.0
R_r_2577,0.0
R_r_2578,0.0
R_r_2579,0.0
R_r_2580,0.0
R_r_2581,0.0
R_r_2582,0.0
R_r_2583,0.0
R_r_2584,0.0
R_r_2585,0.0
R_r_2586,0.0
R_r_2587,0.0
R_r_2588,0.0
R_r_2589,0.0
R_r_2590,0.0
R_r_2591,0.0
R_r_2592,0.0
R_r_2593,0.0
R_r_2594,0.0
R_r_2595,0.0
R_r_2596,0.0
R_r_2597,0.0
R_r_2598,0.0
R_r_2599,0.0
R_r_2600,0.0
R_r_2601,0.0
R_r_2602,0.0
R_r_2603,0.0
R_r_2604,0.0
R_r_2605,0.0
R_r_2606,0.0
R_r_2607,0.0
R_r_2608,0.0
R_r_2609,0.0
R_r_2610,0.0
R_r_2611,0.0
R_r_2612,0.0
R_r_2613,0.0
R_r_2614,0.0
R_r_2615,0.0
R_r_2616,0.0
R_r_2617,0.0
R_r_2618,0.0
R_r_2619,0.0
R_r_2620,0.0
R_r_2621,0.0
R_r_2622,0.0
R_r_2623,0.0
R_r_2624,0.0
R_r_2625,0.0
R_r_2626,0.0
R_r_2627,0.0
R_r_2628,0.0
R_r_2629,0.0
R_r_2630,0.0
R_r_2631,0.0
R_r_2632,0.0
R_r_2633,0.0
R_r_2634,0.0
R_r_2635,0.0
R_r_2636,0.0
R_r_2637,0.0
R_r_2638,0.0
R_r_2639,0.0
R_r_2640,0.0
R_r_2641,0.0
R_r_2642,0.0
R_r_2643,0.0
R_r_2644,0.0
R_r_2645,0.0
R_r_2646,0.0
R_r_2647,0.0
R_r_2648,0.0
R_r_2649,0.0
R_r_2650,0.0
R_r_2651,0.0
R_r_2652,0.0
R_r_2653,0.0
R_r_2654,0.0
R_r_2655,0.0
R_r_2656,0.0
R_r_2657,0.0
R_r_2658,0.0
R_r_2659,0.0
R_r_2660,0.0
R_r_2661,0.0
R_r_2662,0.0
R_r_2663,0.0
R_r_2664,0.0
R_r_2665,0.0
R_r_2666,0.0
R_r_2667,0.0
R_r_2668,0.0
R_r_2669,0.0
R_r_2670,0.0
R_r_2671,0.0
R_r_2672,0.0
R_r_2673,0.0
R_r_2674,0.0
R_r_2675,0.0
R_r_2676,0.0
R_r_2677,0.0
R_r_2678,0.0
R_r_2679,0.0
R_r_2680,0.0
R_r_2681,0.0
R_r_2682,0.0
R_r_2683,0.0
R_r_2684,0.0
R_r_2685,0.0
R_r_2686,0.0
R_r_2687,0.0
R_r_2688,0.0
R_r_2689,0.0
R_r_2690,0.0
R_r_2691,0.0
R_r_2692,0.0
R_r_2693,0.0
R_r_2694,0.0
R_r_2695,0.0
R_r_2696,0.0
R_r_2697,0.0
R_r_2698,0.0
R_r_2699,0.0
R_r_2700,0.0
R_r_2701,0.0
R_r_2702,0.0
R_r_2703,0.0
R_r_2704,0.0
R_r_2705,0.0
R_r_2706,0.0
R_r_2707,0.0
R_r_2708,0.0
R_r_2709,0.0
R_r_2710,0.0
R_r_2711,0.0
R_r_2712,0.0
R_r_2713,0.0
R_r_2714,0.0
R_r_2715,0.0
R_r_2716,0.0
R_r_2717,0.0
R_r_2718,0.0
R_r_2719,0.0
R_r_2720,0.0
R_r_2721,0.0
R_r_2722,0.0
R_r_2723,0.0
R_r_2724,0.0
R_r_2725,0.0
R_r_2726,0.0
R_r_2727,0.0
R_r_2728,0.0
R_r_2729,0.0
R_r_2730,0.0
R_r_2731,0.0
R_r_2732,0.0
R_r_2733,0.0
R_r_2734,0.0
R_r_2735,0.0
R_r_2736,0.0
R_r_2737,0.0
R_r_2738,0.0
R_r_2739,0.0
R_r_2740,0.0
R_r_2741,0.0
R_r_2742,0.0
R_r_2743,0.0
R_r_2744,0.0
R_r_2745,0.0
R_r_2746,0.0
R_r_2747,0.0
R_r_2748,0.0
R_r_2749,0.0
R_r_2750,0.0
R_r_2751,0.0
R_r_2752,0.0
R_r_2753,0.0
R_r_2754,0.0
R_r_2755,0.0
R_r_2756,0.0
R_r_2757,0.0
R_r_2758,0.0
R_r_2759,0.0
R_r_2760,0.0
R_r_2761,0.0
R_r_2762,0.0
R_r_2763,0.0
R_r_2764,0.0
R_r_2765,0.0
R_r_2766,0.0
R_r_2767,0.0
R_r_2768,0.0
R_r_2769,0.0
R_r_2770,0.0
R_r_2771,0.0
R_r_2772,0.0
R_r_2773,0.0
R_r_2774,0.0
R_r_2775,0.0
R_r_2776,0.0
R_r_2777,0.0
R_r_2778,0.0
R_r_2779,0.0
R_r_2780,0.0
R_r_2781,0.0
R_r_2782,0.0
R_r_2783,0.0
R_r_2784,0.0
R_r_2785,0.0
R_r_2786,0.0
R_r_2787,0.0
R_r_2788,0.0
R_r_2789,0.0
R_r_2790,0.0
R_r_2791,0.0
R_r_2792,0.0
R_r_2793,0.0
R_r_2794,0.0
R_r_2795,0.0
R_r_2796,0.0
R_r_2797,0.0
R_r_2798,0.0
R_r_2799,0.0
R_r_2800,0.0
R_r_2801,0.0
R_r_2802,0.0
R_r_2803,0.0
R_r_2804,0.0
R_r_2805,0.0
R_r_2806,0.0
R_r_2807,0.0
R_r_2808,0.0
R_r_2809,0.0
R_r_2810,0.0
R_r_2811,0.0
R_r_2812,0.0
R_r_2813,0.0
R_r_2814,0.0
R_r_2815,0.0
R_r_2816,0.0
R_r_2817,0.0
R_r_2818,0.0
R_r_2819,0.0
R_r_2820,0.0
R_r_2821,0.0
R_r_2822,0.0
R_r_2823,0.0
R_r_2824,0.0
R_r_2825,0.0
R_r_2826,0.0
R_r_2827,0.0
R_r_2828,0.0
R_r_2829,0.0
R_r_2830,0.0
R_r_2831,0.0
R_r_2832,0.0
R_r_2833,0.0
R_r_2834,0.0
R_r_2835,0.0
R_r_2836,0.0
R_r_2837,0.0
R_r_2838,0.0
R_r_2839,0.0
R_r_2840,0.0
R_r_2841,0.0
R_r_2842,0.0
R_r_2843,0.0
R_r_2844,0.0
R_r_2845,0.0
R_r_2846,0.0
R_r_2847,0.0
R_r_2848,0.0
R_r_2849,0.0
R_r_2850,0.0
R_r_2851,0.0
R_r_2852,0.0
R_r_2853,0.0
R_r_2854,0.0
R_r_2855,0.0
R_r_2856,0.0
R_r_2857,0.0
R_r_2858,0.0
R_r_2859,0.0
R_r_2860,0.0
R_r_2861,0.0
R_r_2862,0.0
R_r_2863,0.0
R_r_2864,0.0
R_r_2865,0.0
R_r_2866,0.0
R_r_2867,0.0
R_r_2868,0.0
R_r_2869,0.0
R_r_2870,0.0
R_r_2871,0.0
R_r_2872,0.0
R_r_2873,0.0
R_r_2874,0.0
R_r_2875,0.0
R_r_2876,0.0
R_r_2877,0.0
R_r_2878,0.0
R_r_2879,0.0
R_r_2880,0.0
R_r_2881,0.0
R_r_2882,0.0
R_r_2883,0.0
R_r_2884,0.0
R_r_2885,0.0
R_r_2886,0.0
R_r_2887,0.0
R_r_2888,0.0
R_r_2889,0.0
R_r_2890,0.0
R_r_2891,0.0
R_r_2892,0.0
R_r_2893,0.0
R_r_2894,0.0
R_r_2895,0.0
R_r_2896,0.0
R_r_2897,0.0
R_r_2898,0.0
R_r_2899,0.0
R_r_2900,0.0
R_r_2901,0.0
R_r_2902,0.0
R_r_2903,0.0
R_r_2904,0.0
R_r_2905,0.0
R_r_2906,0.0
R_r_2907,0.0
R_r_2908,0.0
R_r_2909,0.0
R_r_2910,0.0
R_r_2911,0.0
R_r_2912,0.0
R_r_2913,0.0
R_r_2914,0.0
R_r_2915,0.0
R_r_2916,0.0
R_r_2917,0.0
R_r_2918,0.0
R_r_2919,0.0
R_r_2920,0.0
R_r_2921,0.0
R_r_2922,0.0
R_r_2923,0.0
R_r_2924,0.0
R_r_2925,0.0
R_r_2926,0.0
R_r_2927,0.0
R_r_2928,0.0
R_r_2929,0.0
R_r_2930,0.0
R_r_2931,0.0
R_r_2932,0.0
R_r_2933,0.0
R_r_2934,0.0
R_r_2935,0.0
R_r_2936,0.0
R_r_2937,0.0
R_r_2938,0.0
R_r_2939,0.0
R_r_2940,0.0
R_r_2941,0.0
R_r_2942,0.0
R_r_2943,0.0
R_r_2944,0.0
R_r_2945,0.0
R_r_2946,0.0
R_r_2947,0.0
R_r_2948,0.0
R_r_2949,0.0
R_r_2950,0.0
R_r_2951,0.0
R_r_2952,0.0
R_r_2953,0.0
R_r_2954,0.0
R_r_2955,0.0
R_r_2956,0.0
R_r_2957,0.0
R_r_2958,0.0
R_r_2959,0.0
R_r_2960,0.0
R_r_2961,0.0
R_r_2962,0.0
R_r_2963,0.0
R_r_2964,0.0
R_r_2965,0.0
R_r_2966,0.0
R_r_2967,0.0
R_r_2968,0.0
R_r_2969,0.0
R_r_2970,0.0
R_r_2971,0.0
R_r_2972,0.0
R_r_2973,0.0
R_r_2974,0.0
R_r_2975,0.0
R_r_2976,0.0
R_r_2977,0.0
R_r_2978,0.0
R_r_2979,0.0
R_r_2980,0.0
R_r_2981,0.0
R_r_2982,0.0
R_r_2983,0.0
R_r_2984,0.0
R_r_2985,0.0
R_r_2986,0.0
R_r_2987,0.0
R_r_2988,0.0
R_r_2989,0.0
R_r_2990,0.0
R_r_2991,0.0
R_r_2992,0.0
R_r_2993,0.0
R_r_2994,0.0
R_r_2995,0.0
R_r_2996,0.0
R_r_2997,0.0
R_r_2998,0.0
R_r_2999,0.0
R_r_3000,0.0
R_r_3001,0.0
R_r_3002,0.0
R_r_3003,0.0
R_r_3004,0.0
R_r_3005,0.0
R_r_3006,0.0
R_r_3007,0.0
R_r_3008,0.0
R_r_3009,0.0
R_r_3010,0.0
R_r_3011,0.0
R_r_3022,0.0
R_r_3023,0.0
R_r_3024,0.0
R_r_3025,0.0
R_r_3026,0.0
R_r_3027,0.0
R_r_3028,0.0
R_r_3029,0.0
R_r_3030,0.0
R_r_3031,0.0
R_r_3032,0.0
R_r_3033,0.0
R_r_3034,0.0
R_r_3035,0.0
R_r_3036,0.0
R_r_3037,0.0
R_r_3038,0.0
R_r_3039,0.0
R_r_3040,0.0
R_r_3041,0.0
R_r_3042,0.0
R_r_3043,0.0
R_r_3044,0.0
R_r_3045,0.0
R_r_3046,0.0
R_r_3047,0.0
R_r_3048,0.0
R_r_3049,0.0
R_r_3050,0.0
R_r_3051,0.0
R_r_3052,0.0
R_r_3053,0.0
R_r_3054,0.0
R_r_3055,0.0
R_r_3056,0.0
R_r_3057,0.0
R_r_3058,0.0
R_r_3059,0.0
R_r_3060,0.0
R_r_3061,0.0
R_r_3062,0.0
R_r_3063,0.0
R_r_3064,0.0
R_r_3065,0.0
R_r_3066,0.0
R_r_3067,0.0
R_r_3068,0.0
R_r_3069,0.0
R_r_3070,0.0
R_r_3071,0.0
R_r_3072,0.0
R_r_3073,0.0
R_r_3074,0.0
R_r_3075,0.0
R_r_3076,0.0
R_r_3077,0.0
R_r_3078,0.0
R_r_3079,0.0
R_r_3080,0.0
R_r_3081,0.0
R_r_3082,0.0
R_r_3083,0.0
R_r_3084,0.0
R_r_3085,0.0
R_r_3086,0.0
R_r_3087,0.0
R_r_3088,0.0
R_r_3089,0.0
R_r_3090,0.0
R_r_3091,0.0
R_r_3092,0.0
R_r_3093,0.0
R_r_3094,0.0
R_r_3095,0.0
R_r_3096,0.0
R_r_3097,0.0
R_r_3098,0.0
R_r_3099,0.0
R_r_3100,0.0
R_r_3101,0.0
R_r_3102,0.0
R_r_3103,0.0
R_r_3104,0.0
R_r_3105,0.0
R_r_3106,0.0
R_r_3107,0.0
R_r_3108,0.0
R_r_3109,0.0
R_r_3110,0.0
R_r_3111,0.0
R_r_3112,0.0
R_r_3113,0.0
R_r_3114,0.0
R_r_3115,0.0
R_r_3116,0.0
R_r_3117,0.0
R_r_3118,0.0
R_r_3119,0.0
R_r_3120,0.0
R_r_3121,0.0
R_r_3122,0.0
R_r_3123,0.0
R_r_3124,0.0
R_r_3125,0.0
R_r_3126,0.0
R_r_3127,0.0
R_r_3128,0.0
R_r_3129,0.0
R_r_3130,0.0
R_r_3131,0.0
R_r_3132,0.0
R_r_3133,0.0
R_r_3134,0.0
R_r_3135,0.0
R_r_3136,0.0
R_r_3137,0.0
R_r_3138,0.0
R_r_3139,0.0
R_r_3140,0.0
R_r_3141,0.0
R_r_3142,0.0
R_r_3143,0.0
R_r_3144,0.0
R_r_3145,0.0
R_r_3146,0.0
R_r_3147,0.0
R_r_3148,0.0
R_r_3149,0.0
R_r_3150,0.0
R_r_3151,0.0
R_r_3152,0.0
R_r_3153,0.0
R_r_3154,0.0
R_r_3155,0.0
R_r_3156,0.0
R_r_3157,0.0
R_r_3158,0.0
R_r_3159,0.0
R_r_3160,0.0
R_r_3161,0.0
R_r_3162,0.0
R_r_3163,0.0
R_r_3164,0.0
R_r_3165,0.0
R_r_3166,0.0
R_r_3167,0.0
R_r_3168,0.0
R_r_3169,0.0
R_r_3170,0.0
R_r_3171,0.0
R_r_3172,0.0
R_r_3173,0.0
R_r_3174,0.0
R_r_3175,0.0
R_r_3176,0.0
R_r_3177,0.0
R_r_3178,0.0
R_r_3179,0.0
R_r_3180,0.0
R_r_3181,0.0
R_r_3182,0.0
R_r_3183,0.0
R_r_3184,0.0
R_r_3185,0.0
R_r_3186,0.0
R_r_3187,0.0
R_r_3188,0.0
R_r_3189,0.0
R_r_3190,0.0
R_r_3191,0.0
R_r_3192,0.0
R_r_3193,0.0
R_r_3194,0.0
R_r_3195,0.0
R_r_3196,0.0
R_r_3197,0.0
R_r_3198,0.0
R_r_3199,0.0
R_r_3200,0.0
R_r_3201,0.0
R_r_3202,0.0
R_r_3203,0.0
R_r_3204,0.0
R_r_3205,0.0
R_r_3206,0.0
R_r_3207,0.0
R_r_3208,0.0
R_r_3209,0.0
R_r_3210,0.0
R_r_3211,0.0
R_r_3212,0.0
R_r_3213,0.0
R_r_3214,0.0
R_r_3215,0.0
R_r_3216,0.0
R_r_3217,0.0
R_r_3218,0.0
R_r_3219,0.0
R_r_3220,0.0
R_r_3221,0.0
R_r_3222,0.0
R_r_3223,0.0
R_r_3224,0.0
R_r_3225,0.0
R_r_3226,0.0
R_r_3227,0.0
R_r_3228,0.0
R_r_3229,0.0
R_r_3230,0.0
R_r_3231,0.0
R_r_3232,0.0
R_r_3233,0.0
R_r_3234,0.0
R_r_3235,0.0
R_r_3236,0.0
R_r_3237,0.0
R_r_3238,0.0
R_r_3239,0.0
R_r_3240,0.0
R_r_3241,0.0
R_r_3242,0.0
R_r_3243,0.0
R_r_3244,0.0
R_r_3245,0.0
R_r_3246,0.0
R_r_3247,0.0
R_r_3248,0.0
R_r_3249,0.0
R_r_3250,0.0
R_r_3251,0.0
R_r_3252,0.0
R_r_3253,0.0
R_r_3254,0.0
R_r_3255,0.0
R_r_3256,0.0
R_r_3257,0.0
R_r_3258,0.0
R_r_3259,0.0
R_r_3260,0.0
R_r_3261,0.0
R_r_3262,0.0
R_r_3263,0.0
R_r_3264,0.0
R_r_3265,0.0
R_r_3266,0.0
R_r_3267,0.0
R_r_3268,0.0
R_r_3269,0.0
R_r_3270,0.0
R_r_3271,0.0
R_r_3272,0.0
R_r_3273,0.0
R_r_3274,0.0
R_r_3275,0.0
R_r_3276,0.0
R_r_3277,0.0
R_r_3278,0.0
R_r_3279,0.0
R_r_3280,0.0
R_r_3281,0.0
R_r_3282,0.0
R_r_3283,0.0
R_r_3284,0.0
R_r_3285,0.0
R_r_3286,0.0
R_r_3287,0.0
R_r_3288,0.0
R_r_3289,0.0
R_r_3290,0.0
R_r_3291,0.0
R_r_3292,0.0
R_r_3293,0.0
R_r_3294,0.0
R_r_3295,0.0
R_r_3296,0.0
R_r_3297,0.0
R_r_3298,0.0
R_r_3299,0.0
R_r_3300,0.0
R_r_3301,0.0
R_r_3302,0.0
R_r_3303,0.0
R_r_3304,0.0
R_r_3305,0.0
R_r_3306,0.0
R_r_3307,0.0
R_r_3308,0.0
R_r_3309,0.0
R_r_3310,0.0
R_r_3311,0.0
R_r_3312,0.0
R_r_3313,0.0
R_r_3314,0.0
R_r_3315,0.0
R_r_3316,0.0
R_r_3317,0.0
R_r_3318,0.0
R_r_3319,0.0
R_r_3320,0.0
R_r_3321,0.0
R_r_3322,0.0
R_r_3323,0.0
R_r_3324,0.0
R_r_3325,0.0
R_r_3326,0.0
R_r_3327,0.0
R_r_3328,0.0
R_r_3329,0.0
R_r_3330,0.0
R_r_3331,0.0
R_r_3332,0.0
R_r_3333,0.0
R_r_3334,0.0
R_r_3335,0.0
R_r_3336,0.0
R_r_3337,0.0
R_r_3338,0.0
R_r_3339,0.0
R_r_3340,0.0
R_r_3341,0.0
R_r_3342,0.0
R_r_3343,0.0
R_r_3344,0.0
R_r_3345,0.0
R_r_3346,0.0
R_r_3347,0.0
R_r_3348,0.0
R_r_3349,0.0
R_r_3350,0.0
R_r_3351,0.0
R_r_3352,0.0
R_r_3353,0.0
R_r_3354,0.0
R_r_3355,0.0
R_r_3356,0.0
R_r_3357,0.0
R_r_3358,0.0
R_r_3359,0.0
R_r_3360,0.0
R_r_3361,0.0
R_r_3362,0.0
R_r_3363,0.0
R_r_3364,0.0
R_r_3365,0.0
R_r_3366,0.0
R_r_3367,0.0
R_r_3368,0.0
R_r_3369,0.0
R_r_3370,0.0
R_r_3371,0.0
R_r_3372,0.0
R_r_3373,0.0
R_r_3374,0.0
R_r_3375,0.0
R_r_3376,0.0
R_r_3377,0.0
R_r_3378,0.0
R_r_3379,0.0
R_r_3380,0.0
R_r_3381,0.0
R_r_3382,0.0
R_r_3383,0.0
R_r_3384,0.0
R_r_3385,0.0
R_r_3386,0.0
R_r_3387,0.0
R_r_3388,0.0
R_r_3389,0.0
R_r_3390,0.0
R_r_3391,0.0
R_r_3392,0.0
R_r_3393,0.0
R_r_3394,0.0
R_r_3395,0.0
R_r_3396,0.0
R_r_3397,0.0
R_r_3398,0.0
R_r_3399,0.0
R_r_3400,0.0
R_r_3401,0.0
R_r_3402,0.0
R_r_3403,0.0
R_r_3404,0.0
R_r_3405,0.0
R_r_3406,0.0
R_r_3407,0.0
R_r_3408,0.0
R_r_3409,0.0
R_r_3410,0.0
R_r_3411,0.0
R_r_3412,0.0
R_r_3413,0.0
R_r_3414,0.0
R_r_3415,0.0
R_r_3416,0.0
R_r_3417,0.0
R_r_3418,0.0
R_r_3419,0.0
R_r_3420,0.0
R_r_3421,0.0
R_r_3422,0.0
R_r_3423,0.0
R_r_3424,0.0
R_r_3425,0.0
R_r_3426,0.0
R_r_3427,0.0
R_r_3428,0.0
R_r_3429,0.0
R_r_3430,0.0
R_r_3431,0.0
R_r_3432,0.0
R_r_3433,0.0
R_r_3434,0.0
R_r_3435,0.0
R_r_3436,0.0
R_r_3437,0.0
R_r_3438,0.0
R_r_3439,0.0
R_r_3440,0.0
R_r_3441,0.0
R_r_3442,0.0
R_r_3443,0.0
R_r_3444,0.0
R_r_3445,0.0
R_r_3446,0.0
R_r_3447,0.0
R_r_3448,0.0
R_r_3449,0.0
R_r_3450,0.0
R_r_3451,0.0
R_r_3452,0.0
R_r_3453,0.0
R_r_3454,0.0
R_r_3455,0.0
R_r_3456,0.0
R_r_3457,0.0
R_r_3458,0.0
R_r_3459,0.0
R_r_3460,0.0
R_r_3461,0.0
R_r_3462,0.0
R_r_3463,0.0
R_r_3464,0.0
R_r_3465,0.0
R_r_3466,0.0
R_r_3467,0.0
R_r_3468,0.0
R_r_3469,0.0
R_r_3470,0.0
R_r_3471,0.0
R_r_3472,0.0
R_r_3473,0.0
R_r_3474,0.0
R_r_3475,0.0
R_r_3476,0.0
R_r_3477,0.0
R_r_3478,0.0
R_r_3479,0.0
R_r_3480,0.0
R_r_3481,0.0
R_r_3482,0.0
R_r_3483,0.0
R_r_3484,0.0
R_r_3485,0.0
R_r_3486,0.0
R_r_3487,0.0
R_r_3488,0.0
R_r_3489,0.0
R_r_3490,0.0
R_r_3491,0.0
R_r_3492,0.0
R_r_3493,0.0
R_r_3494,0.0
R_r_3495,0.0
R_r_3496,0.0
R_r_3497,0.0
R_r_3498,0.0
R_r_3499,0.0
R_r_3500,0.0
R_r_3501,0.0
R_r_3502,0.0
R_r_3503,0.0
R_r_3504,0.0
R_r_3505,0.0
R_r_3506,0.0
R_r_3507,0.0
R_r_3508,0.0
R_r_3509,0.0
R_r_3510,0.0
R_r_3511,0.0
R_r_3512,0.0
R_r_3513,0.0
R_r_3514,0.0
R_r_3515,0.0
R_r_3516,0.0
R_r_3517,0.0
R_r_3518,0.0
R_r_3519,0.0
R_r_3520,0.0
R_r_3521,0.0
R_r_3522,0.0
R_r_3523,0.0
R_r_3524,0.0
R_r_3525,0.0
R_r_3526,0.0
R_r_3527,0.0
R_r_3528,0.0
R_r_3529,0.0
R_r_3530,0.0
R_r_3531,0.0
R_r_3532,0.0
R_r_3533,0.0
R_r_3534,0.0
R_r_3535,0.0
R_r_3536,0.0
R_r_3537,0.0
R_r_3538,0.0
R_r_3539,0.0
R_r_3540,0.0
R_r_3541,0.0
R_r_3542,0.0
R_r_3543,0.0
R_r_3544,0.0
R_r_3545,0.0
R_r_3546,0.0
R_r_3547,0.0
R_r_3548,0.0
R_r_3549,0.0
R_r_3550,0.0
R_r_3551,0.0
R_r_3552,0.0
R_r_3553,0.0
R_r_3554,0.0
R_r_3555,0.0
R_r_3556,0.0
R_r_3557,0.0
R_r_3558,0.0
R_r_3559,0.0
R_r_3560,0.0
R_r_3561,0.0
R_r_3562,0.0
R_r_3563,0.0
R_r_3564,0.0
R_r_3565,0.0
R_r_3566,0.0
R_r_3567,0.0
R_r_3568,0.0
R_r_3569,0.0
R_r_3570,0.0
R_r_3571,0.0
R_r_3572,0.0
R_r_3573,0.0
R_r_3574,0.0
R_r_3575,0.0
R_r_3576,0.0
R_r_3577,0.0
R_r_3578,0.0
R_r_3579,0.0
R_r_3580,0.0
R_r_3581,0.0
R_r_3582,0.0
R_r_3583,0.0
R_r_3584,0.0
R_r_3585,0.0
R_r_3586,0.0
R_r_3587,0.0
R_r_3588,0.0
R_r_3589,0.0
R_r_3590,0.0
R_r_3591,0.0
R_r_3592,0.0
R_r_3593,0.0
R_r_3594,0.0
R_r_3595,0.0
R_r_3596,0.0
R_r_3597,0.0
R_r_3598,0.0
R_r_3599,0.0
R_r_3600,0.0
R_r_3601,0.0
R_r_3602,0.0
R_r_3603,0.0
R_r_3604,0.0
R_r_3605,0.0
R_r_3606,0.0
R_r_3607,0.0
R_r_3608,0.0
R_r_3609,0.0
R_r_3610,0.0
R_r_3611,0.0
R_r_3612,0.0
R_r_3613,0.0
R_r_3614,0.0
R_r_3615,0.0
R_r_3616,0.0
R_r_3617,0.0
R_r_3618,0.0
R_r_3619,0.0
R_r_3620,0.0
R_r_3621,0.0
R_r_3622,0.0
R_r_3623,0.0
R_r_3624,0.0
R_r_3625,0.0
R_r_3626,0.0
R_r_3627,0.0
R_r_3628,0.0
R_r_3629,0.0
R_r_3630,0.0
R_r_3631,0.0
R_r_3632,0.0
R_r_3633,0.0
R_r_3634,0.0
R_r_3635,0.0
R_r_3636,0.0
R_r_3637,0.0
R_r_3638,0.0
R_r_3639,0.0
R_r_3640,0.0
R_r_3641,0.0
R_r_3642,0.0
R_r_3643,0.0
R_r_3644,0.0
R_r_3645,0.0
R_r_3646,0.0
R_r_3647,0.0
R_r_3648,0.0
R_r_3649,0.0
R_r_3650,0.0
R_r_3651,0.0
R_r_3652,0.0
R_r_3653,0.0
R_r_3654,0.0
R_r_3655,0.0
R_r_3656,0.0
R_r_3657,0.0
R_r_3658,0.0
R_r_3659,0.0
R_r_3660,0.0
R_r_3661,0.0
R_r_3662,0.0
R_r_3663,0.0
R_r_3664,0.0
R_r_3665,0.0
R_r_3666,0.0
R_r_3667,0.0
R_r_3668,0.0
R_r_3669,0.0
R_r_3670,0.0
R_r_3671,0.0
R_r_3672,0.0
R_r_3673,0.0
R_r_3674,0.0
R_r_3675,0.0
R_r_3676,0.0
R_r_3677,0.0
R_r_3678,0.0
R_r_3679,0.0
R_r_3680,0.0
R_r_3681,0.0
R_r_3682,0.0
R_r_3683,0.0
R_r_3684,0.0
R_r_3685,0.0
R_r_3686,0.0
R_r_3687,0.0
R_r_3688,0.0
R_r_3689,0.0
R_r_3690,0.0
R_r_3691,0.0
R_r_3692,0.0
R_r_3693,0.0
R_r_3694,0.0
R_r_3695,0.0
R_r_3696,0.0
R_r_3697,0.0
R_r_3698,0.0
R_r_3699,0.0
R_r_3700,0.0
R_r_3701,0.0
R_r_3702,0.0
R_r_3703,0.0
R_r_3704,0.0
R_r_3705,0.0
R_r_3706,0.0
R_r_3707,0.0
R_r_3708,0.0
R_r_3709,0.0
R_r_3710,0.0
R_r_3711,0.0
R_r_3712,0.0
R_r_3713,0.0
R_r_3714,0.0
R_r_3715,0.0
R_r_3716,0.0
R_r_3717,0.0
R_r_3718,0.0
R_r_3719,0.0
R_r_3720,0.0
R_r_3721,0.0
R_r_3722,0.0
R_r_3723,0.0
R_r_3724,0.0
R_r_3725,0.0
R_r_3726,0.0
R_r_3727,0.0
R_r_3728,0.0
R_r_3729,0.0
R_r_3730,0.0
R_r_3731,0.0
R_r_3732,0.0
R_r_3733,0.0
R_r_3734,0.0
R_r_3735,0.0
R_r_3736,0.0
R_r_3737,0.0
R_r_3738,0.0
R_r_3739,0.0
R_r_3740,0.0
R_r_3741,0.0
R_r_3742,0.0
R_r_3743,0.0
R_r_3744,0.0
R_r_3745,0.0
R_r_3746,0.0
R_r_3747,0.0
R_r_3748,0.0
R_r_3749,0.0
R_r_3750,0.0
R_r_3751,0.0
R_r_3752,0.0
R_r_3753,0.0
R_r_3754,0.0
R_r_3755,0.0
R_r_3756,0.0
R_r_3757,0.0
R_r_3758,0.0
R_r_3759,0.0
R_r_3760,0.0
R_r_3761,0.0
R_r_3762,0.0
R_r_3763,0.0
R_r_3764,0.0
R_r_3765,0.0
R_r_3766,0.0
R_r_3767,0.0
R_r_3768,0.0
R_r_3769,0.0
R_r_3770,0.0
R_r_3771,0.0
R_r_3772,0.0
R_r_3773,0.0
R_r_3774,0.0
R_r_3775,0.0
R_r_3776,0.0
R_r_3777,0.0
R_r_3778,0.0
R_r_3779,0.0
R_r_3780,0.0
R_r_3781,0.0
R_r_3782,0.0
R_r_3783,0.0
R_r_3784,0.0
R_r_3785,0.0
R_r_3786,0.0
R_r_3787,0.0
R_r_3788,0.0
R_r_3789,0.0
R_r_3790,0.0
R_r_3791,0.0
R_r_3792,0.0
R_r_3793,0.0
R_r_3794,0.0
R_r_3795,0.0
R_r_3796,0.0
R_r_3797,0.0
R_r_3798,0.0
R_r_3799,0.0
R_r_3800,0.0
R_r_3801,0.0
R_r_3802,0.0
R_r_3803,0.0
R_r_3804,0.0
R_r_3805,0.0
R_r_3806,0.0
R_r_3807,0.0
R_r_3808,0.0
R_r_3809,0.0
R_r_3810,0.0
R_r_3811,0.0
R_r_3812,0.0
R_r_3813,0.0
R_r_3814,0.0
R_r_3815,0.0
R_r_3816,0.0
R_r_3817,0.0
R_r_3818,0.0
R_r_3819,0.0
R_r_3820,0.0
R_r_3821,0.0
R_r_3822,0.0
R_r_3823,0.0
R_r_3824,0.0
R_r_3825,0.0
R_r_3826,0.0
R_r_3827,0.0
R_r_3828,0.0
R_r_3829,0.0
R_r_3830,0.0
R_r_3831,0.0
R_r_3832,0.0
R_r_3833,0.0
R_r_3834,0.0
R_r_3835,0.0
R_r_3836,0.0
R_r_3837,0.0
R_r_3838,0.0
R_r_3839,0.0
R_r_3840,0.0
R_r_3841,0.0
R_r_3842,0.0
R_r_3843,0.0
R_r_3844,0.0
R_r_3845,0.0
R_r_3846,0.0
R_r_3847,0.0
R_r_3848,0.0
R_r_3849,0.0
R_r_3850,0.0
R_r_3851,0.0
R_r_3852,0.0
R_r_3853,0.0
R_r_3854,0.0
R_r_3855,0.0
R_r_3856,0.0
R_r_3857,0.0
R_r_3858,0.0
R_r_3859,0.0
R_r_3860,0.0
R_r_3861,0.0
R_r_3862,0.0
R_r_3863,0.0
R_r_3864,0.0
R_r_3865,0.0
R_r_3866,0.0
R_r_3867,0.0
R_r_3868,0.0
R_r_3869,0.0
R_r_3870,0.0
R_r_3871,0.0
R_r_3872,0.0
R_r_3873,0.0
R_r_3874,0.0
R_r_3875,0.0
R_r_3876,0.0
R_r_3877,0.0
R_r_3878,0.0
R_r_3879,0.0
R_r_3880,0.0
R_r_3881,0.0
R_r_3882,0.0
R_r_3883,0.0
R_r_3884,0.0
R_r_3885,0.0
R_r_3886,0.0
R_r_3887,0.0
R_r_3888,0.0
R_r_3889,0.0
R_r_3890,0.0
R_r_3891,0.0
R_r_3892,0.0
R_r_3893,0.0
R_r_3894,0.0
R_r_3895,0.0
R_r_3896,0.0
R_r_3897,0.0
R_r_3898,0.0
R_r_3899,0.0
R_r_3900,0.0
R_r_3901,0.0
R_r_3902,0.0
R_r_3903,0.0
R_r_3904,0.0
R_r_3905,0.0
R_r_3906,0.0
R_r_3907,0.0
R_r_3908,0.0
R_r_3909,0.0
R_r_3910,0.0
R_r_3911,0.0
R_r_3912,0.0
R_r_3913,0.0
R_r_3914,0.0
R_r_3915,0.0
R_r_3916,0.0
R_r_3917,0.0
R_r_3918,0.0
R_r_3919,0.0
R_r_3920,0.0
R_r_3921,0.0
R_r_3922,0.0
R_r_3923,0.0
R_r_3924,0.0
R_r_3925,0.0
R_r_3926,0.0
R_r_3927,0.0
R_r_3928,0.0
R_r_3929,0.0
R_r_3930,0.0
R_r_3931,0.0
R_r_3932,0.0
R_r_3933,0.0
R_r_3934,0.0
R_r_3935,0.0
R_r_3936,0.0
R_r_3937,0.0
R_r_3938,0.0
R_r_3939,0.0
R_r_3940,0.0
R_r_3941,0.0
R_r_3942,0.0
R_r_3943,0.0
R_r_3944,0.0
R_r_3945,0.0
R_r_3946,0.0
R_r_3947,0.0
R_r_3948,0.0
R_r_3949,0.0
R_r_3950,0.0
R_r_3951,0.0
R_r_3952,0.0
R_r_3953,0.0
R_r_3954,0.0
R_r_3955,0.0
R_r_3956,0.0
R_r_3957,0.0
R_r_3958,0.0
R_r_3959,0.0
R_r_3960,0.0
R_r_3961,0.0
R_r_3962,0.0
R_r_3963,0.0
R_r_3964,0.0
R_r_3965,0.0
R_r_3966,0.0
R_r_3967,0.0
R_r_3968,0.0
R_r_3969,0.0
R_r_3970,0.0
R_r_3971,0.0
R_r_3972,0.0
R_r_3973,0.0
R_r_3975,0.0
R_r_3976,0.0
R_r_3977,0.0
R_r_3978,0.0
R_r_3979,0.0
R_r_3980,0.0
R_r_3981,0.0
R_r_3982,0.0
R_r_3983,0.0
R_r_3984,0.0
R_r_3985,0.0
R_r_3986,0.0
R_r_3987,0.0
R_r_3988,0.0
R_r_3989,0.0
R_r_3990,0.0
R_r_3991,0.0
R_r_3992,0.0
R_r_3993,0.0
R_r_3994,0.0
R_r_3995,0.0
R_r_3996,0.0
R_r_3997,0.0
R_r_3998,0.0
R_r_3999,0.0
R_r_4000,0.0
R_r_4001,0.0
R_r_4002,0.0
R_r_4003,0.0
R_r_4004,0.0
R_r_4005,0.0
R_r_4006,0.0
R_r_4007,0.0
R_r_4008,0.0
R_r_4009,0.0
R_r_4010,0.0
R_r_4011,0.0
R_r_4012,0.0
R_r_4013,0.0
R_r_4014,0.0
R_r_4015,0.0
R_r_4016,0.0
R_r_4017,0.0
R_r_4018,0.0
R_r_4019,0.0
R_r_4020,0.0
R_r_4021,0.0
R_r_4022,0.0
R_r_4023,0.0
R_r_4024,0.0
R_r_4025,0.0
R_r_4026,0.0
R_r_4027,0.0
R_r_4028,0.0
R_r_4029,0.0
R_r_4030,0.0
R_r_4031,0.0
R_r_4032,0.0
R_r_4033,0.0
R_r_4034,0.0
R_r_4035,0.0
R_r_4036,0.0
R_r_4037,0.0
R_r_4038,0.0
R_r_4039,0.0
R_r_4040,0.0
R_r_4041,0.0
R_r_4042,0.0
R_r_4043,0.0
R_r_4044,-0.0
R_r_4045,0.0
R_r_4046,0.7
R_r_4047,0.0
R_r_4048,0.0
R_r_4049,0.0
R_r_4050,0.0
R_r_4051,0.0
R_r_4052,0.0
R_r_4053,0.0
R_r_4054,0.0
R_r_4055,0.0
R_r_4056,0.0
R_r_4057,0.0
R_r_4058,0.0
R_r_4059,0.0
R_r_4060,0.0
R_r_4061,0.0
R_r_4062,0.0
R_r_4063,0.0
R_r_4064,0.0
R_r_4065,0.0
R_r_4066,0.0
R_r_4067,0.0
R_r_4068,0.0
R_r_4069,0.0
R_r_4070,0.0
R_r_4071,0.0
R_r_4072,0.0
R_r_4073,0.0
R_r_4074,0.0
R_r_4075,0.0
R_r_4076,0.0
R_r_4077,0.0
R_r_4078,0.0
R_r_4079,0.0
R_r_4080,0.0
R_r_4081,0.0
R_r_4082,0.0
R_r_4083,0.0
R_r_4084,0.0
R_r_4085,0.0
R_r_4086,0.0
R_r_4087,0.0
R_r_4088,0.0
R_r_4089,0.0
R_r_4090,0.0
R_r_4091,0.0
R_r_4092,0.0
R_r_4093,0.0
R_r_4094,0.0
R_r_4095,0.0
R_r_4096,0.0
R_r_4097,0.0
R_r_4098,0.0
R_r_4099,0.0
R_r_4100,0.0
R_r_4101,0.0
R_r_4102,0.0
R_r_4103,0.0
R_r_4104,0.0
R_r_4105,0.0
R_r_4106,0.0
R_r_4107,0.0
R_r_4108,0.0
R_r_4109,0.0
R_r_4110,0.0
R_r_4111,0.0
R_r_4112,0.0
R_r_4113,0.0
R_r_4114,0.0
R_r_4115,0.0
R_r_4116,0.0
R_r_4117,0.0
R_r_4118,0.0
R_r_4119,0.0
R_r_4120,0.0
R_r_4121,0.0
R_r_4122,0.0
R_r_4123,0.0
R_r_4124,0.0
R_r_4125,0.0
R_r_4126,0.0
R_r_4127,0.0
R_r_4128,0.0
R_r_4129,0.0
R_r_4130,0.0
R_r_4131,0.0
R_r_4132,0.0
R_r_4133,0.0
R_r_4134,0.0
R_r_4135,0.0
R_r_4136,0.0
R_r_4137,0.0
R_r_4138,0.0
R_r_4139,0.0
R_r_4140,0.0
R_r_4141,0.0
R_r_4142,0.0
R_r_4143,0.0
R_r_4144,0.0
R_r_4145,0.0
R_r_4146,0.0
R_r_4147,0.0
R_r_4148,0.0
R_r_4149,0.0
R_r_4150,0.0
R_r_4151,0.0
R_r_4152,0.0
R_r_4153,0.0
R_r_4154,0.0
R_r_4155,0.0
R_r_4156,0.0
R_r_4157,0.0
R_r_4158,0.0
R_r_4159,0.0
R_r_4160,0.0
R_r_4161,0.0
R_r_4162,0.0
R_r_4163,0.0
R_r_4164,0.0
R_r_4165,0.0
R_r_4166,0.0
R_r_4167,0.0
R_r_4168,0.0
R_r_4169,0.0
R_r_4170,0.0
R_r_4171,0.0
R_r_4172,0.0
R_r_4173,0.0
R_r_4174,0.0
R_r_4175,0.0
R_r_4176,0.0
R_r_4177,0.0
R_r_4178,0.0
R_r_4179,0.0
R_r_4180,0.0
R_r_4181,0.0
R_r_4183,0.0
R_r_4184,0.0
R_r_4185,0.0
R_r_4186,0.0
R_r_4187,0.0
R_r_4188,0.0
R_r_4189,0.0
R_r_4190,0.0
R_r_4191,0.0
R_r_4192,0.0
R_r_4193,0.0
R_r_4194,0.0
R_r_4195,0.0
R_r_4196,0.0
R_r_4197,0.0
R_r_4198,0.0
R_r_4199,0.0
R_r_4200,0.0
R_r_4201,0.0
R_r_4202,0.0
R_r_4203,0.0
R_r_4204,0.0
R_r_4205,0.0
R_r_4206,0.0
R_r_4207,0.0
R_r_4208,0.0
R_r_4209,0.0
R_r_4210,0.0
R_r_4211,0.0
R_r_4212,0.0
R_r_4214,0.0
R_r_4215,0.0
R_r_4216,0.0
R_r_4217,0.0
R_r_4218,0.0
R_r_4219,0.0
R_r_4220,0.0
R_r_4221,0.0
R_r_4222,0.0
R_r_4223,0.0
R_r_4224,0.0
R_r_4225,0.0
R_r_4226,0.0
R_r_4227,0.0
R_r_4228,0.0
R_r_4230,0.0
R_r_4231,0.0
R_r_4232,0.0
R_r_4233,0.0
R_r_4234,0.0
R_r_4236,0.0
R_r_4237,0.0
R_r_4238,0.0
R_r_4239,0.0
R_r_4240,0.0
R_r_4241,0.0
R_r_4242,0.0
R_r_4243,0.0
R_r_4244,0.0
R_r_4245,0.0
R_r_4246,0.0
R_r_4247,0.0
R_r_4248,0.0
R_r_4249,0.0
R_r_4250,0.0
R_r_4251,0.0
R_r_4252,0.0
R_r_4253,0.0
R_r_4254,0.0
R_r_4255,0.0
R_r_4256,0.0
R_r_4258,0.0
R_r_4260,0.0
R_r_4261,0.0
R_r_4262,0.01994676782818816
R_r_4263,0.0
R_r_4264,0.0
R_r_4265,0.0
R_r_4266,0.0
R_r_4267,0.0
R_r_4268,0.0
R_r_4269,0.0
R_r_4270,0.0
R_r_4271,0.0
R_r_4272,0.0
R_r_4273,0.0
R_r_4274,0.0
R_r_4275,0.0
R_r_4276,0.0
R_r_4277,0.0
R_r_4278,0.0
R_r_4279,0.0
R_r_4280,0.0
R_r_4281,0.0
R_r_4282,0.0
R_r_4283,0.0
R_r_4284,0.0
R_r_4285,0.0
R_r_4286,0.0
R_r_4287,0.0
R_r_4288,0.0
R_r_4291,0.0
R_r_4292,0.0
R_r_4293,0.0
R_r_4294,0.0
R_r_4295,0.0
R_r_4296,0.0
R_r_4297,0.0
R_r_4298,0.0
R_r_4299,0.0
R_r_4300,0.0
R_r_4301,0.0
R_r_4302,0.0
R_r_4303,0.0
R_r_4304,0.0
R_r_4305,0.0
R_r_4306,0.0
R_r_4307,0.0
R_r_4308,0.0
R_r_4309,0.0
R_r_4310,0.0
R_r_4311,0.0
R_r_4312,0.0
R_r_4313,0.0
R_r_4314,0.0
R_r_4315,0.0
R_r_4316,0.0
R_r_4317,0.0
R_r_4318,0.0
R_r_4319,0.0
R_r_4320,0.0
R_r_4321,0.0
R_r_4322,0.0
R_r_4323,0.0
R_r_4324,0.0
R_r_4325,0.0
R_r_4326,0.0
R_r_4327,0.0
R_r_4328,0.0
R_r_4329,0.0
R_r_4330,0.0
R_r_4331,0.0
R_r_4332,0.0
R_r_4333,0.0
R_r_4334,0.0
R_r_4335,0.0
R_r_4336,0.0
R_r_4337,0.0
R_r_4338,0.0
R_r_4339,0.0
R_r_4340,0.0
R_r_4341,0.0
R_r_4342,0.0
R_r_4343,0.0
R_r_4344,0.0
R_r_4345,0.0
R_r_4346,0.0
R_r_4347,0.0
R_r_4348,0.0
R_r_4349,0.0
R_r_4350,0.0
R_r_4351,0.0
R_r_4352,0.0
R_r_4353,0.0
R_r_4354,0.0
R_r_4355,0.0
R_r_4356,0.0
R_r_4357,0.0
R_r_4358,0.0
R_r_4359,0.0
R_r_4360,0.0
R_r_4361,0.0
R_r_4362,0.0
R_r_4363,0.0
R_r_4364,0.0
R_r_4365,0.0
R_r_4366,0.0
R_r_4367,0.0
R_r_4368,0.0
R_r_4369,0.0
R_r_4370,0.0
R_r_4371,0.0
R_r_4372,0.0
R_r_4373,0.0
R_r_4374,0.0
R_r_4375,0.0
R_r_4376,0.0
R_r_4377,0.0
R_r_4378,0.0
R_r_4379,0.0
R_r_4380,0.0
R_r_4381,0.0
R_r_4382,0.0
R_r_4383,0.0
R_r_4384,0.0
R_r_4385,0.0
R_r_4386,0.0
R_r_4387,0.0
R_r_4388,0.0
R_r_4389,0.0
R_r_4390,0.0
R_r_4391,0.0
R_r_4392,0.0
R_r_4393,0.0
R_r_4394,0.0
R_r_4395,0.0
R_r_4396,0.0
R_r_4397,0.0
R_r_4398,0.0
R_r_4399,0.0
R_r_4400,0.0
R_r_4401,0.0
R_r_4402,0.0
R_r_4403,0.0
R_r_4404,0.0
R_r_4405,0.0
R_r_4406,0.0
R_r_4407,0.0
R_r_4408,0.0
R_r_4409,0.0
R_r_4410,0.0
R_r_4411,0.0
R_r_4412,0.0
R_r_4413,0.0
R_r_4414,0.0
R_r_4415,0.0
R_r_4416,0.0
R_r_4417,0.0
R_r_4418,0.0
R_r_4419,0.0
R_r_4420,0.0
R_r_4421,0.0
R_r_4422,0.0
R_r_4423,0.0
R_r_4424,0.0
R_r_4425,0.0
R_r_4426,0.0
R_r_4427,0.0
R_r_4428,0.0
R_r_4429,0.0
R_r_4430,0.0
R_r_4431,0.0
R_r_4432,0.0
R_r_4433,0.0
R_r_4434,0.0
R_r_4435,0.0
R_r_4436,0.0
R_r_4437,0.0
R_r_4438,0.0
R_r_4439,0.0
R_r_4440,0.0
R_r_4441,0.0
R_r_4442,0.0
R_r_4443,0.0
R_r_4444,0.0
R_r_4445,0.0
R_r_4446,0.0
R_r_4447,0.0
R_r_4448,0.0
R_r_4449,0.0
R_r_4450,0.0
R_r_4451,0.0
R_r_4452,0.0
R_r_4453,0.0
R_r_4454,0.0
R_r_4455,0.0
R_r_4456,0.0
R_r_4457,0.0
R_r_4458,0.0
R_r_4459,0.0
R_r_4460,0.0
R_r_4461,0.0
R_r_4462,0.0
R_r_4463,0.0
R_r_4464,0.0
R_r_4465,0.0
R_r_4466,0.0
R_r_4467,0.0
R_r_4468,0.0
R_r_4469,0.0
R_r_4470,0.0
R_r_4471,0.0
R_r_4472,0.0
R_r_4473,0.0
R_r_4474,0.0
R_r_4475,0.0
R_r_4476,0.0
R_r_4477,0.0
R_r_4478,0.0
R_r_4479,0.0
R_r_4480,0.0
R_r_4481,0.0
R_r_4482,0.0
R_r_4483,0.0
R_r_4484,0.0
R_r_4485,0.0
R_r_4486,0.0
R_r_4487,0.0
R_r_4488,0.0
R_r_4489,0.0
R_r_4490,0.0
R_r_4491,0.0
R_r_4492,0.0
R_r_4493,0.0
R_r_4494,-0.0
R_r_4495,0.0
R_r_4496,0.0
R_r_4497,0.0
R_r_4498,0.0
R_r_4499,0.0
R_r_4500,0.0
R_r_4501,0.0
R_r_4502,0.0
R_r_4503,0.0
R_r_4504,0.0
R_r_4505,0.0
R_r_4506,0.0
R_r_4507,0.0
R_r_4508,0.0
R_r_4509,0.0
R_r_4510,0.0
R_r_4511,0.0
R_r_4512,0.0
R_r_4513,0.0
R_r_4514,0.0
R_r_4515,0.0
R_r_4516,0.0
R_r_4517,0.0
R_r_4518,0.0
R_r_4519,0.0
R_r_4520,0.0
R_r_4521,-0.0
R_r_4522,0.0
R_r_4523,0.0
R_r_4524,0.0
R_r_4525,0.0
R_r_4526,0.0
R_r_4527,0.0
R_r_4528,0.0
R_r_4529,0.0
R_r_4530,0.0
R_r_4531,-0.0
R_r_4532,-0.0
R_r_4533,0.0
R_r_4534,0.0
R_r_4535,0.0
R_r_4536,0.0
R_r_4537,0.0
R_r_4538,0.0
R_r_4539,0.0
R_r_4540,0.0
R_r_4541,0.0
R_r_4542,0.0
R_r_4543,0.0
R_r_4544,0.0
R_r_4545,0.0
R_r_4546,0.0
R_r_4547,0.0
R_r_4548,0.0
R_r_4549,0.0
R_r_4550,-0.0
R_r_4551,0.0
R_r_4552,0.0
R_r_4553,0.0
R_r_4554,-0.0
R_r_4555,0.0
R_r_4556,0.0
R_r_4557,-0.0
R_r_4558,-0.0
R_r_4559,0.0
R_r_4560,0.0
R_r_4561,-0.0
R_r_4562,-0.0
R_r_4563,-0.0
R_r_4564,0.0
R_r_4565,0.0
R_r_4566,0.0
R_r_4567,0.0
R_r_4568,0.0
R_r_4569,0.0
R_r_4570,0.0
R_r_4571,0.0
R_r_4572,0.0
R_r_4573,0.0
R_r_4574,0.0
R_r_4575,0.0
R_r_4576,0.0
R_r_4577,0.0
R_r_4578,0.0
R_r_4579,0.0
R_r_4580,0.0
R_r_4581,0.0
R_r_4582,0.0
R_r_4583,0.0
R_r_4584,0.0
R_r_4585,0.0
R_r_4586,0.0
R_r_4587,0.0
R_r_4588,0.0
R_r_4589,0.0
R_r_4590,0.0
R_r_4591,0.0
R_r_4592,0.0
R_r_4593,0.0
R_r_4594,0.0
R_r_4595,0.0
R_r_4596,0.0
R_r_4597,0.0
R_r_4598,0.0
R_r_4599,0.0
R_r_4600,0.0
R_r_4601,0.0
R_r_4602,0.0
R_r_4603,0.0
R_r_4604,0.0
R_r_4605,0.0
R_r_4606,0.0
R_r_4607,0.0
R_r_4608,0.0
R_r_4609,0.0
R_r_4610,0.0
R_r_4611,0.0
R_r_4612,0.0
R_r_4613,0.0
R_r_4614,0.0
R_r_4615,0.0
R_r_4616,0.0
R_r_4617,0.0
R_r_4618,0.0
R_r_4619,0.0
R_r_4620,0.0
R_r_4621,0.0
R_r_4622,0.0
R_r_4623,0.0
R_r_4624,0.0
R_r_4625,0.0
R_r_4626,0.0
R_r_4627,0.0
R_r_4628,0.0
R_r_4629,0.0
R_r_4630,0.0
R_r_4631,0.0
R_r_4632,0.0
R_r_4633,0.0
R_r_4634,0.0
R_r_4635,0.0
R_r_4636,0.0
R_r_4637,0.0
R_r_4638,0.0
R_r_4639,0.0
R_r_4640,0.0
R_r_4641,0.0
R_r_4642,0.0
R_r_4643,0.0
R_r_4644,0.0
R_r_4645,0.0
R_r_4646,0.0
R_r_4647,-0.0
R_r_4648,-0.0
R_r_4649,0.0
R_r_4650,0.0
R_r_4651,0.0
R_r_4652,0.0
R_r_4653,0.0
R_r_4654,0.0
R_r_4655,0.0
R_r_4656,0.0
R_r_4657,0.0
R_r_4658,0.0
R_r_4659,-0.0
R_r_4660,0.0
R_r_4661,0.0
R_r_4662,0.0
R_r_4663,0.0
R_r_4664,0.0
R_r_4665,0.0
R_r_4666,0.0
R_r_4667,-0.0
R_r_4668,-0.0
R_r_4669,0.0
R_r_4670,0.0
R_r_4671,0.0
R_r_4672,0.0
R_r_4673,0.0
R_r_4674,0.0
R_r_4675,0.0
R_r_4676,-0.0
R_r_4677,-0.0
R_r_4678,0.0
R_r_4679,0.0
R_r_4680,0.0
R_r_4681,0.0
R_r_4682,0.0
R_r_4683,0.0
R_r_4684,0.0
R_r_4685,0.0
R_r_4686,0.0
R_r_4687,0.0
R_r_4688,0.0
R_r_4689,-0.0
R_r_4690,0.0
R_r_4691,0.0
R_r_4692,-0.0
R_r_4693,0.0
R_r_4694,0.0
R_r_4695,-0.0
R_r_4697,0.0
R_r_4698,0.0
R_r_4699,-0.0
R_r_4700,0.0
R_r_4701,0.0
R_r_4702,0.0
R_r_4703,0.0
R_r_4704,0.0
R_r_4705,0.0
R_r_4706,0.0
R_r_4707,0.0
R_r_4708,-0.0
R_r_4709,-0.0
R_r_4710,-0.0
R_PaAroZ,0.8485942423593479
R_KpAroY,0.8485942423593479
R_CaHqd2,0.8485942423593479
R_Muconic_acid_transport,0.8485942423593479
R_EX_muconic_acid,0.8485942423593479
